--------- beginning of main
09-25 10:58:01.738  8813  8813 I SuperWissBoot: Boot
09-25 10:58:01.747  8813  8813 I SuperWissBoot: Load config
09-25 10:58:01.747  8813  8813 I SuperWissBoot: Load assets
09-25 10:58:01.747  8813  8813 I SuperWissBoot: Load assets · 1 / 270
09-25 10:58:01.747  8813  8813 I SuperWissBoot: Load assets · 2 / 270
09-25 10:58:01.747  8813  8813 I SuperWissBoot: Load assets · 3 / 270
09-25 10:58:01.747  8813  8813 I SuperWissBoot: Load assets · 4 / 270
09-25 10:58:01.747  8813  8813 I SuperWissBoot: Load assets · 5 / 270
09-25 10:58:01.747  8813  8813 I SuperWissBoot: Load assets · 6 / 270
09-25 10:58:01.748  8813  8813 I SuperWissBoot: Load assets · 7 / 270
09-25 10:58:01.748  8813  8813 I SuperWissBoot: Load assets · 8 / 270
09-25 10:58:01.748  8813  8813 I SuperWissBoot: Load assets · 9 / 270
09-25 10:58:01.749  8813  8813 I SuperWissBoot: Load assets · 10 / 270
09-25 10:58:01.749  8813  8813 I SuperWissBoot: Load assets · 11 / 270
09-25 10:58:01.749  8813  8813 I SuperWissBoot: Load assets · 12 / 270
09-25 10:58:01.749  8813  8813 I SuperWissBoot: Load assets · 13 / 270
09-25 10:58:01.749  8813  8813 I SuperWissBoot: Load assets · 14 / 270
09-25 10:58:01.749  8813  8813 I SuperWissBoot: Load assets · 15 / 270
09-25 10:58:01.749  8813  8813 I SuperWissBoot: Load assets · 16 / 270
09-25 10:58:01.755  8813  8813 I SuperWissBoot: Load assets · 17 / 270
09-25 10:58:01.763  8813  8813 I SuperWissBoot: Load assets · 18 / 270
09-25 10:58:01.790  8813  8813 I SuperWissBoot: Load assets · 19 / 270
09-25 10:58:01.790  8813  8813 I SuperWissBoot: Load assets · 20 / 270
09-25 10:58:01.791  8813  8813 I SuperWissBoot: Load assets · 21 / 270
09-25 10:58:01.791  8813  8813 I SuperWissBoot: Load assets · 22 / 270
09-25 10:58:01.791  8813  8813 I SuperWissBoot: Load assets · 23 / 270
09-25 10:58:01.824  8813  8813 I SuperWissBoot: Load assets · 24 / 270
09-25 10:58:02.030  8813  8813 I SuperWissBoot: Load assets · 25 / 270
09-25 10:58:02.038  8813  8813 I SuperWissBoot: Load assets · 26 / 270
09-25 10:58:02.038  8813  8813 I SuperWissBoot: Load assets · 27 / 270
09-25 10:58:02.047  8813  8813 I SuperWissBoot: Load assets · 28 / 270
09-25 10:58:02.085  8813  8813 I SuperWissBoot: Load assets · 29 / 270
09-25 10:58:02.102  8813  8813 I SuperWissBoot: Load assets · 30 / 270
09-25 10:58:02.507  8813  8813 I SuperWissBoot: Load assets · 31 / 270
09-25 10:58:02.507  8813  8813 I SuperWissBoot: Load assets · 32 / 270
09-25 10:58:02.507  8813  8813 I SuperWissBoot: Load assets · 33 / 270
09-25 10:58:02.507  8813  8813 I SuperWissBoot: Load assets · 34 / 270
09-25 10:58:02.508  8813  8813 I SuperWissBoot: Load assets · 35 / 270
09-25 10:58:02.508  8813  8813 I SuperWissBoot: Load assets · 36 / 270
09-25 10:58:05.550  8813  8813 I SuperWissBoot: Load assets · 37 / 270
09-25 10:58:05.550  8813  8813 I SuperWissBoot: Load assets · 38 / 270
09-25 10:58:05.550  8813  8813 I SuperWissBoot: Load assets · 39 / 270
09-25 10:58:05.550  8813  8813 I SuperWissBoot: Load assets · 40 / 270
09-25 10:58:05.550  8813  8813 I SuperWissBoot: Load assets · 41 / 270
09-25 10:58:05.550  8813  8813 I SuperWissBoot: Load assets · 42 / 270
09-25 10:58:05.550  8813  8813 I SuperWissBoot: Load assets · 43 / 270
09-25 10:58:05.550  8813  8813 I SuperWissBoot: Load assets · 44 / 270
09-25 10:58:05.550  8813  8813 I SuperWissBoot: Load assets · 45 / 270
09-25 10:58:05.551  8813  8813 I SuperWissBoot: Load assets · 46 / 270
09-25 10:58:05.551  8813  8813 I SuperWissBoot: Load assets · 47 / 270
09-25 10:58:05.551  8813  8813 I SuperWissBoot: Load assets · 48 / 270
09-25 10:58:05.551  8813  8813 I SuperWissBoot: Load assets · 49 / 270
09-25 10:58:05.551  8813  8813 I SuperWissBoot: Load assets · 50 / 270
09-25 10:58:05.551  8813  8813 I SuperWissBoot: Load assets · 51 / 270
09-25 10:58:05.551  8813  8813 I SuperWissBoot: Load assets · 52 / 270
09-25 10:58:05.551  8813  8813 I SuperWissBoot: Load assets · 53 / 270
09-25 10:58:05.551  8813  8813 I SuperWissBoot: Load assets · 54 / 270
09-25 10:58:05.551  8813  8813 I SuperWissBoot: Load assets · 55 / 270
09-25 10:58:05.551  8813  8813 I SuperWissBoot: Load assets · 56 / 270
09-25 10:58:05.551  8813  8813 I SuperWissBoot: Load assets · 57 / 270
09-25 10:58:05.551  8813  8813 I SuperWissBoot: Load assets · 58 / 270
09-25 10:58:05.551  8813  8813 I SuperWissBoot: Load assets · 59 / 270
09-25 10:58:05.551  8813  8813 I SuperWissBoot: Load assets · 60 / 270
09-25 10:58:05.551  8813  8813 I SuperWissBoot: Load assets · 61 / 270
09-25 10:58:05.551  8813  8813 I SuperWissBoot: Load assets · 62 / 270
09-25 10:58:05.551  8813  8813 I SuperWissBoot: Load assets · 63 / 270
09-25 10:58:05.551  8813  8813 I SuperWissBoot: Load assets · 64 / 270
09-25 10:58:05.552  8813  8813 I SuperWissBoot: Load assets · 65 / 270
09-25 10:58:05.552  8813  8813 I SuperWissBoot: Load assets · 66 / 270
09-25 10:58:05.552  8813  8813 I SuperWissBoot: Load assets · 67 / 270
09-25 10:58:05.552  8813  8813 I SuperWissBoot: Load assets · 68 / 270
09-25 10:58:05.552  8813  8813 I SuperWissBoot: Load assets · 69 / 270
09-25 10:58:05.552  8813  8813 I SuperWissBoot: Load assets · 70 / 270
09-25 10:58:05.552  8813  8813 I SuperWissBoot: Load assets · 71 / 270
09-25 10:58:05.552  8813  8813 I SuperWissBoot: Load assets · 72 / 270
09-25 10:58:05.552  8813  8813 I SuperWissBoot: Load assets · 73 / 270
09-25 10:58:05.552  8813  8813 I SuperWissBoot: Load assets · 74 / 270
09-25 10:58:05.552  8813  8813 I SuperWissBoot: Load assets · 75 / 270
09-25 10:58:05.552  8813  8813 I SuperWissBoot: Load assets · 76 / 270
09-25 10:58:05.552  8813  8813 I SuperWissBoot: Load assets · 77 / 270
09-25 10:58:05.552  8813  8813 I SuperWissBoot: Load assets · 78 / 270
09-25 10:58:05.552  8813  8813 I SuperWissBoot: Load assets · 79 / 270
09-25 10:58:05.552  8813  8813 I SuperWissBoot: Load assets · 80 / 270
09-25 10:58:05.552  8813  8813 I SuperWissBoot: Load assets · 81 / 270
09-25 10:58:05.553  8813  8813 I SuperWissBoot: Load assets · 82 / 270
09-25 10:58:05.553  8813  8813 I SuperWissBoot: Load assets · 83 / 270
09-25 10:58:05.553  8813  8813 I SuperWissBoot: Load assets · 84 / 270
09-25 10:58:05.553  8813  8813 I SuperWissBoot: Load assets · 85 / 270
09-25 10:58:05.553  8813  8813 I SuperWissBoot: Load assets · 86 / 270
09-25 10:58:05.553  8813  8813 I SuperWissBoot: Load assets · 87 / 270
09-25 10:58:05.553  8813  8813 I SuperWissBoot: Load assets · 88 / 270
09-25 10:58:05.553  8813  8813 I SuperWissBoot: Load assets · 89 / 270
09-25 10:58:05.553  8813  8813 I SuperWissBoot: Load assets · 90 / 270
09-25 10:58:05.553  8813  8813 I SuperWissBoot: Load assets · 91 / 270
09-25 10:58:05.553  8813  8813 I SuperWissBoot: Load assets · 92 / 270
09-25 10:58:05.553  8813  8813 I SuperWissBoot: Load assets · 93 / 270
09-25 10:58:05.553  8813  8813 I SuperWissBoot: Load assets · 94 / 270
09-25 10:58:05.553  8813  8813 I SuperWissBoot: Load assets · 95 / 270
09-25 10:58:05.553  8813  8813 I SuperWissBoot: Load assets · 96 / 270
09-25 10:58:05.553  8813  8813 I SuperWissBoot: Load assets · 97 / 270
09-25 10:58:05.553  8813  8813 I SuperWissBoot: Load assets · 98 / 270
09-25 10:58:05.553  8813  8813 I SuperWissBoot: Load assets · 99 / 270
09-25 10:58:05.553  8813  8813 I SuperWissBoot: Load assets · 100 / 270
09-25 10:58:05.553  8813  8813 I SuperWissBoot: Load assets · 101 / 270
09-25 10:58:05.554  8813  8813 I SuperWissBoot: Load assets · 102 / 270
09-25 10:58:05.554  8813  8813 I SuperWissBoot: Load assets · 103 / 270
09-25 10:58:05.572  8813  8813 I SuperWissBoot: Load assets · 104 / 270
09-25 10:58:05.582  8813  8813 I SuperWissBoot: Load assets · 105 / 270
09-25 10:58:05.586  8813  8813 I SuperWissBoot: Load assets · 106 / 270
09-25 10:58:05.586  8813  8813 I SuperWissBoot: Load assets · 107 / 270
09-25 10:58:05.586  8813  8813 I SuperWissBoot: Load assets · 108 / 270
09-25 10:58:05.586  8813  8813 I SuperWissBoot: Load assets · 109 / 270
09-25 10:58:05.586  8813  8813 I SuperWissBoot: Load assets · 110 / 270
09-25 10:58:05.586  8813  8813 I SuperWissBoot: Load assets · 111 / 270
09-25 10:58:05.586  8813  8813 I SuperWissBoot: Load assets · 112 / 270
09-25 10:58:05.586  8813  8813 I SuperWissBoot: Load assets · 113 / 270
09-25 10:58:05.586  8813  8813 I SuperWissBoot: Load assets · 114 / 270
09-25 10:58:05.586  8813  8813 I SuperWissBoot: Load assets · 115 / 270
09-25 10:58:05.586  8813  8813 I SuperWissBoot: Load assets · 116 / 270
09-25 10:58:05.586  8813  8813 I SuperWissBoot: Load assets · 117 / 270
09-25 10:58:05.586  8813  8813 I SuperWissBoot: Load assets · 118 / 270
09-25 10:58:05.586  8813  8813 I SuperWissBoot: Load assets · 119 / 270
09-25 10:58:05.586  8813  8813 I SuperWissBoot: Load assets · 120 / 270
09-25 10:58:05.586  8813  8813 I SuperWissBoot: Load assets · 121 / 270
09-25 10:58:05.586  8813  8813 I SuperWissBoot: Load assets · 122 / 270
09-25 10:58:05.586  8813  8813 I SuperWissBoot: Load assets · 123 / 270
09-25 10:58:05.586  8813  8813 I SuperWissBoot: Load assets · 124 / 270
09-25 10:58:05.586  8813  8813 I SuperWissBoot: Load assets · 125 / 270
09-25 10:58:05.586  8813  8813 I SuperWissBoot: Load assets · 126 / 270
09-25 10:58:05.586  8813  8813 I SuperWissBoot: Load assets · 127 / 270
09-25 10:58:05.586  8813  8813 I SuperWissBoot: Load assets · 128 / 270
09-25 10:58:05.586  8813  8813 I SuperWissBoot: Load assets · 129 / 270
09-25 10:58:05.586  8813  8813 I SuperWissBoot: Load assets · 130 / 270
09-25 10:58:05.586  8813  8813 I SuperWissBoot: Load assets · 131 / 270
09-25 10:58:05.586  8813  8813 I SuperWissBoot: Load assets · 132 / 270
09-25 10:58:05.587  8813  8813 I SuperWissBoot: Load assets · 133 / 270
09-25 10:58:05.587  8813  8813 I SuperWissBoot: Load assets · 134 / 270
09-25 10:58:05.587  8813  8813 I SuperWissBoot: Load assets · 135 / 270
09-25 10:58:05.587  8813  8813 I SuperWissBoot: Load assets · 136 / 270
09-25 10:58:05.587  8813  8813 I SuperWissBoot: Load assets · 137 / 270
09-25 10:58:05.587  8813  8813 I SuperWissBoot: Load assets · 138 / 270
09-25 10:58:05.587  8813  8813 I SuperWissBoot: Load assets · 139 / 270
09-25 10:58:05.587  8813  8813 I SuperWissBoot: Load assets · 140 / 270
09-25 10:58:05.587  8813  8813 I SuperWissBoot: Load assets · 141 / 270
09-25 10:58:05.587  8813  8813 I SuperWissBoot: Load assets · 142 / 270
09-25 10:58:05.587  8813  8813 I SuperWissBoot: Load assets · 143 / 270
09-25 10:58:05.587  8813  8813 I SuperWissBoot: Load assets · 144 / 270
09-25 10:58:05.588  8813  8813 I SuperWissBoot: Load assets · 145 / 270
09-25 10:58:05.588  8813  8813 I SuperWissBoot: Load assets · 146 / 270
09-25 10:58:05.588  8813  8813 I SuperWissBoot: Load assets · 147 / 270
09-25 10:58:05.588  8813  8813 I SuperWissBoot: Load assets · 148 / 270
09-25 10:58:05.588  8813  8813 I SuperWissBoot: Load assets · 149 / 270
09-25 10:58:05.588  8813  8813 I SuperWissBoot: Load assets · 150 / 270
09-25 10:58:05.589  8813  8813 I SuperWissBoot: Load assets · 151 / 270
09-25 10:58:05.589  8813  8813 I SuperWissBoot: Load assets · 152 / 270
09-25 10:58:05.589  8813  8813 I SuperWissBoot: Load assets · 153 / 270
09-25 10:58:05.589  8813  8813 I SuperWissBoot: Load assets · 154 / 270
09-25 10:58:05.589  8813  8813 I SuperWissBoot: Load assets · 155 / 270
09-25 10:58:05.589  8813  8813 I SuperWissBoot: Load assets · 156 / 270
09-25 10:58:05.589  8813  8813 I SuperWissBoot: Load assets · 157 / 270
09-25 10:58:05.589  8813  8813 I SuperWissBoot: Load assets · 158 / 270
09-25 10:58:05.591  8813  8813 I SuperWissBoot: Load assets · 159 / 270
09-25 10:58:05.591  8813  8813 I SuperWissBoot: Load assets · 160 / 270
09-25 10:58:05.591  8813  8813 I SuperWissBoot: Load assets · 161 / 270
09-25 10:58:05.592  8813  8813 I SuperWissBoot: Load assets · 162 / 270
09-25 10:58:05.592  8813  8813 I SuperWissBoot: Load assets · 163 / 270
09-25 10:58:05.592  8813  8813 I SuperWissBoot: Load assets · 164 / 270
09-25 10:58:05.592  8813  8813 I SuperWissBoot: Load assets · 165 / 270
09-25 10:58:05.592  8813  8813 I SuperWissBoot: Load assets · 166 / 270
09-25 10:58:05.592  8813  8813 I SuperWissBoot: Load assets · 167 / 270
09-25 10:58:05.592  8813  8813 I SuperWissBoot: Load assets · 168 / 270
09-25 10:58:05.592  8813  8813 I SuperWissBoot: Load assets · 169 / 270
09-25 10:58:05.592  8813  8813 I SuperWissBoot: Load assets · 170 / 270
09-25 10:58:05.592  8813  8813 I SuperWissBoot: Load assets · 171 / 270
09-25 10:58:05.592  8813  8813 I SuperWissBoot: Load assets · 172 / 270
09-25 10:58:05.592  8813  8813 I SuperWissBoot: Load assets · 173 / 270
09-25 10:58:05.592  8813  8813 I SuperWissBoot: Load assets · 174 / 270
09-25 10:58:05.592  8813  8813 I SuperWissBoot: Load assets · 175 / 270
09-25 10:58:05.592  8813  8813 I SuperWissBoot: Load assets · 176 / 270
09-25 10:58:05.592  8813  8813 I SuperWissBoot: Load assets · 177 / 270
09-25 10:58:05.592  8813  8813 I SuperWissBoot: Load assets · 178 / 270
09-25 10:58:05.592  8813  8813 I SuperWissBoot: Load assets · 179 / 270
09-25 10:58:05.592  8813  8813 I SuperWissBoot: Load assets · 180 / 270
09-25 10:58:05.592  8813  8813 I SuperWissBoot: Load assets · 181 / 270
09-25 10:58:05.592  8813  8813 I SuperWissBoot: Load assets · 182 / 270
09-25 10:58:05.592  8813  8813 I SuperWissBoot: Load assets · 183 / 270
09-25 10:58:05.592  8813  8813 I SuperWissBoot: Load assets · 184 / 270
09-25 10:58:05.592  8813  8813 I SuperWissBoot: Load assets · 185 / 270
09-25 10:58:05.592  8813  8813 I SuperWissBoot: Load assets · 186 / 270
09-25 10:58:05.592  8813  8813 I SuperWissBoot: Load assets · 187 / 270
09-25 10:58:05.592  8813  8813 I SuperWissBoot: Load assets · 188 / 270
09-25 10:58:05.592  8813  8813 I SuperWissBoot: Load assets · 189 / 270
09-25 10:58:05.592  8813  8813 I SuperWissBoot: Load assets · 190 / 270
09-25 10:58:05.592  8813  8813 I SuperWissBoot: Load assets · 191 / 270
09-25 10:58:05.592  8813  8813 I SuperWissBoot: Load assets · 192 / 270
09-25 10:58:05.592  8813  8813 I SuperWissBoot: Load assets · 193 / 270
09-25 10:58:05.592  8813  8813 I SuperWissBoot: Load assets · 194 / 270
09-25 10:58:05.592  8813  8813 I SuperWissBoot: Load assets · 195 / 270
09-25 10:58:05.592  8813  8813 I SuperWissBoot: Load assets · 196 / 270
09-25 10:58:05.592  8813  8813 I SuperWissBoot: Load assets · 197 / 270
09-25 10:58:05.592  8813  8813 I SuperWissBoot: Load assets · 198 / 270
09-25 10:58:05.592  8813  8813 I SuperWissBoot: Load assets · 199 / 270
09-25 10:58:05.593  8813  8813 I SuperWissBoot: Load assets · 200 / 270
09-25 10:58:05.593  8813  8813 I SuperWissBoot: Load assets · 201 / 270
09-25 10:58:05.593  8813  8813 I SuperWissBoot: Load assets · 202 / 270
09-25 10:58:05.593  8813  8813 I SuperWissBoot: Load assets · 203 / 270
09-25 10:58:05.594  8813  8813 I SuperWissBoot: Load assets · 204 / 270
09-25 10:58:05.594  8813  8813 I SuperWissBoot: Load assets · 205 / 270
09-25 10:58:05.594  8813  8813 I SuperWissBoot: Load assets · 206 / 270
09-25 10:58:05.594  8813  8813 I SuperWissBoot: Load assets · 207 / 270
09-25 10:58:05.594  8813  8813 I SuperWissBoot: Load assets · 208 / 270
09-25 10:58:05.594  8813  8813 I SuperWissBoot: Load assets · 209 / 270
09-25 10:58:05.594  8813  8813 I SuperWissBoot: Load assets · 210 / 270
09-25 10:58:05.594  8813  8813 I SuperWissBoot: Load assets · 211 / 270
09-25 10:58:05.594  8813  8813 I SuperWissBoot: Load assets · 212 / 270
09-25 10:58:05.594  8813  8813 I SuperWissBoot: Load assets · 213 / 270
09-25 10:58:05.594  8813  8813 I SuperWissBoot: Load assets · 214 / 270
09-25 10:58:05.594  8813  8813 I SuperWissBoot: Load assets · 215 / 270
09-25 10:58:05.594  8813  8813 I SuperWissBoot: Load assets · 216 / 270
09-25 10:58:05.594  8813  8813 I SuperWissBoot: Load assets · 217 / 270
09-25 10:58:05.594  8813  8813 I SuperWissBoot: Load assets · 218 / 270
09-25 10:58:05.594  8813  8813 I SuperWissBoot: Load assets · 219 / 270
09-25 10:58:05.594  8813  8813 I SuperWissBoot: Load assets · 220 / 270
09-25 10:58:05.594  8813  8813 I SuperWissBoot: Load assets · 221 / 270
09-25 10:58:05.594  8813  8813 I SuperWissBoot: Load assets · 222 / 270
09-25 10:58:05.595  8813  8813 I SuperWissBoot: Load assets · 223 / 270
09-25 10:58:05.595  8813  8813 I SuperWissBoot: Load assets · 224 / 270
09-25 10:58:05.595  8813  8813 I SuperWissBoot: Load assets · 225 / 270
09-25 10:58:05.595  8813  8813 I SuperWissBoot: Load assets · 226 / 270
09-25 10:58:05.595  8813  8813 I SuperWissBoot: Load assets · 227 / 270
09-25 10:58:05.595  8813  8813 I SuperWissBoot: Load assets · 228 / 270
09-25 10:58:05.595  8813  8813 I SuperWissBoot: Load assets · 229 / 270
09-25 10:58:05.595  8813  8813 I SuperWissBoot: Load assets · 230 / 270
09-25 10:58:05.595  8813  8813 I SuperWissBoot: Load assets · 231 / 270
09-25 10:58:05.595  8813  8813 I SuperWissBoot: Load assets · 232 / 270
09-25 10:58:05.595  8813  8813 I SuperWissBoot: Load assets · 233 / 270
09-25 10:58:05.595  8813  8813 I SuperWissBoot: Load assets · 234 / 270
09-25 10:58:05.595  8813  8813 I SuperWissBoot: Load assets · 235 / 270
09-25 10:58:05.595  8813  8813 I SuperWissBoot: Load assets · 236 / 270
09-25 10:58:05.595  8813  8813 I SuperWissBoot: Load assets · 237 / 270
09-25 10:58:05.595  8813  8813 I SuperWissBoot: Load assets · 238 / 270
09-25 10:58:05.595  8813  8813 I SuperWissBoot: Load assets · 239 / 270
09-25 10:58:05.595  8813  8813 I SuperWissBoot: Load assets · 240 / 270
09-25 10:58:05.595  8813  8813 I SuperWissBoot: Load assets · 241 / 270
09-25 10:58:05.595  8813  8813 I SuperWissBoot: Load assets · 242 / 270
09-25 10:58:05.595  8813  8813 I SuperWissBoot: Load assets · 243 / 270
09-25 10:58:05.595  8813  8813 I SuperWissBoot: Load assets · 244 / 270
09-25 10:58:05.596  8813  8813 I SuperWissBoot: Load assets · 245 / 270
09-25 10:58:05.596  8813  8813 I SuperWissBoot: Load assets · 246 / 270
09-25 10:58:05.596  8813  8813 I SuperWissBoot: Load assets · 247 / 270
09-25 10:58:05.596  8813  8813 I SuperWissBoot: Load assets · 248 / 270
09-25 10:58:05.596  8813  8813 I SuperWissBoot: Load assets · 249 / 270
09-25 10:58:05.596  8813  8813 I SuperWissBoot: Load assets · 250 / 270
09-25 10:58:05.596  8813  8813 I SuperWissBoot: Load assets · 251 / 270
09-25 10:58:05.596  8813  8813 I SuperWissBoot: Load assets · 252 / 270
09-25 10:58:05.596  8813  8813 I SuperWissBoot: Load assets · 253 / 270
09-25 10:58:05.596  8813  8813 I SuperWissBoot: Load assets · 254 / 270
09-25 10:58:05.596  8813  8813 I SuperWissBoot: Load assets · 255 / 270
09-25 10:58:05.596  8813  8813 I SuperWissBoot: Load assets · 256 / 270
09-25 10:58:05.596  8813  8813 I SuperWissBoot: Load assets · 257 / 270
09-25 10:58:05.596  8813  8813 I SuperWissBoot: Load assets · 258 / 270
09-25 10:58:05.596  8813  8813 I SuperWissBoot: Load assets · 259 / 270
09-25 10:58:05.596  8813  8813 I SuperWissBoot: Load assets · 260 / 270
09-25 10:58:05.596  8813  8813 I SuperWissBoot: Load assets · 261 / 270
09-25 10:58:05.596  8813  8813 I SuperWissBoot: Load assets · 262 / 270
09-25 10:58:05.596  8813  8813 I SuperWissBoot: Load assets · 263 / 270
09-25 10:58:05.596  8813  8813 I SuperWissBoot: Load assets · 264 / 270
09-25 10:58:05.596  8813  8813 I SuperWissBoot: Load assets · 265 / 270
09-25 10:58:05.596  8813  8813 I SuperWissBoot: Load assets · 266 / 270
09-25 10:58:05.596  8813  8813 I SuperWissBoot: Load assets · 267 / 270
09-25 10:58:05.596  8813  8813 I SuperWissBoot: Load assets · 268 / 270
09-25 10:58:05.596  8813  8813 I SuperWissBoot: Load assets · 269 / 270
09-25 10:58:05.596  8813  8813 I SuperWissBoot: Load assets · 270 / 270
09-25 10:58:05.596  8813  8813 I SuperWissBoot: Initialize save
09-25 10:58:05.596  8813  8813 I SuperWissBoot: Initialize audio
09-25 10:58:05.596  8813  8813 I SuperWissBoot: Initialize game
09-25 10:58:05.612  8813  8813 I SuperWissBoot: Home screen
09-25 11:02:07.910 11317 11317 I SuperWissBoot: Boot
09-25 11:02:07.912 11317 11317 I SuperWissBoot: Load config
09-25 11:02:07.912 11317 11317 I SuperWissBoot: Load assets
09-25 11:02:07.912 11317 11317 I SuperWissBoot: Load assets · 1 / 270
09-25 11:02:07.912 11317 11317 I SuperWissBoot: Load assets · 2 / 270
09-25 11:02:07.912 11317 11317 I SuperWissBoot: Load assets · 3 / 270
09-25 11:02:07.912 11317 11317 I SuperWissBoot: Load assets · 4 / 270
09-25 11:02:07.912 11317 11317 I SuperWissBoot: Load assets · 5 / 270
09-25 11:02:07.912 11317 11317 I SuperWissBoot: Load assets · 6 / 270
09-25 11:02:07.912 11317 11317 I SuperWissBoot: Load assets · 7 / 270
09-25 11:02:07.912 11317 11317 I SuperWissBoot: Load assets · 8 / 270
09-25 11:02:07.912 11317 11317 I SuperWissBoot: Load assets · 9 / 270
09-25 11:02:07.913 11317 11317 I SuperWissBoot: Load assets · 10 / 270
09-25 11:02:07.913 11317 11317 I SuperWissBoot: Load assets · 11 / 270
09-25 11:02:07.913 11317 11317 I SuperWissBoot: Load assets · 12 / 270
09-25 11:02:07.913 11317 11317 I SuperWissBoot: Load assets · 13 / 270
09-25 11:02:07.913 11317 11317 I SuperWissBoot: Load assets · 14 / 270
09-25 11:02:07.913 11317 11317 I SuperWissBoot: Load assets · 15 / 270
09-25 11:02:07.913 11317 11317 I SuperWissBoot: Load assets · 16 / 270
09-25 11:02:07.913 11317 11317 I SuperWissBoot: Load assets · 17 / 270
09-25 11:02:07.913 11317 11317 I SuperWissBoot: Load assets · 18 / 270
09-25 11:02:07.913 11317 11317 I SuperWissBoot: Load assets · 19 / 270
09-25 11:02:07.913 11317 11317 I SuperWissBoot: Load assets · 20 / 270
09-25 11:02:07.918 11317 11317 I SuperWissBoot: Load assets · 21 / 270
09-25 11:02:07.921 11317 11317 I SuperWissBoot: Load assets · 22 / 270
09-25 11:02:07.971 11317 11317 I SuperWissBoot: Load assets · 23 / 270
09-25 11:02:07.972 11317 11317 I SuperWissBoot: Load assets · 24 / 270
09-25 11:02:08.034 11317 11317 I SuperWissBoot: Load assets · 25 / 270
09-25 11:02:08.102 11317 11317 I SuperWissBoot: Load assets · 26 / 270
09-25 11:02:08.110 11317 11317 I SuperWissBoot: Load assets · 27 / 270
09-25 11:02:13.101 11317 11317 I SuperWissBoot: Load assets · 28 / 270
09-25 11:02:13.101 11317 11317 I SuperWissBoot: Load assets · 29 / 270
09-25 11:02:13.101 11317 11317 I SuperWissBoot: Load assets · 30 / 270
09-25 11:02:13.101 11317 11317 I SuperWissBoot: Load assets · 31 / 270
09-25 11:02:13.106 11317 11317 I SuperWissBoot: Load assets · 32 / 270
09-25 11:02:13.106 11317 11317 I SuperWissBoot: Load assets · 33 / 270
09-25 11:02:13.107 11317 11317 I SuperWissBoot: Load assets · 34 / 270
09-25 11:02:13.107 11317 11317 I SuperWissBoot: Load assets · 35 / 270
09-25 11:02:13.107 11317 11317 I SuperWissBoot: Load assets · 36 / 270
09-25 11:02:13.107 11317 11317 I SuperWissBoot: Load assets · 37 / 270
09-25 11:02:13.107 11317 11317 I SuperWissBoot: Load assets · 38 / 270
09-25 11:02:13.107 11317 11317 I SuperWissBoot: Load assets · 39 / 270
09-25 11:02:13.107 11317 11317 I SuperWissBoot: Load assets · 40 / 270
09-25 11:02:13.107 11317 11317 I SuperWissBoot: Load assets · 41 / 270
09-25 11:02:13.107 11317 11317 I SuperWissBoot: Load assets · 42 / 270
09-25 11:02:13.107 11317 11317 I SuperWissBoot: Load assets · 43 / 270
09-25 11:02:13.107 11317 11317 I SuperWissBoot: Load assets · 44 / 270
09-25 11:02:13.108 11317 11317 I SuperWissBoot: Load assets · 45 / 270
09-25 11:02:13.108 11317 11317 I SuperWissBoot: Load assets · 46 / 270
09-25 11:02:13.108 11317 11317 I SuperWissBoot: Load assets · 47 / 270
09-25 11:02:13.108 11317 11317 I SuperWissBoot: Load assets · 48 / 270
09-25 11:02:13.108 11317 11317 I SuperWissBoot: Load assets · 49 / 270
09-25 11:02:13.108 11317 11317 I SuperWissBoot: Load assets · 50 / 270
09-25 11:02:13.108 11317 11317 I SuperWissBoot: Load assets · 51 / 270
09-25 11:02:13.108 11317 11317 I SuperWissBoot: Load assets · 52 / 270
09-25 11:02:13.108 11317 11317 I SuperWissBoot: Load assets · 53 / 270
09-25 11:02:13.108 11317 11317 I SuperWissBoot: Load assets · 54 / 270
09-25 11:02:13.108 11317 11317 I SuperWissBoot: Load assets · 55 / 270
09-25 11:02:13.108 11317 11317 I SuperWissBoot: Load assets · 56 / 270
09-25 11:02:13.108 11317 11317 I SuperWissBoot: Load assets · 57 / 270
09-25 11:02:13.108 11317 11317 I SuperWissBoot: Load assets · 58 / 270
09-25 11:02:13.108 11317 11317 I SuperWissBoot: Load assets · 59 / 270
09-25 11:02:13.108 11317 11317 I SuperWissBoot: Load assets · 60 / 270
09-25 11:02:13.108 11317 11317 I SuperWissBoot: Load assets · 61 / 270
09-25 11:02:13.108 11317 11317 I SuperWissBoot: Load assets · 62 / 270
09-25 11:02:13.108 11317 11317 I SuperWissBoot: Load assets · 63 / 270
09-25 11:02:13.108 11317 11317 I SuperWissBoot: Load assets · 64 / 270
09-25 11:02:13.108 11317 11317 I SuperWissBoot: Load assets · 65 / 270
09-25 11:02:13.108 11317 11317 I SuperWissBoot: Load assets · 66 / 270
09-25 11:02:13.108 11317 11317 I SuperWissBoot: Load assets · 67 / 270
09-25 11:02:13.108 11317 11317 I SuperWissBoot: Load assets · 68 / 270
09-25 11:02:13.108 11317 11317 I SuperWissBoot: Load assets · 69 / 270
09-25 11:02:13.108 11317 11317 I SuperWissBoot: Load assets · 70 / 270
09-25 11:02:13.108 11317 11317 I SuperWissBoot: Load assets · 71 / 270
09-25 11:02:13.108 11317 11317 I SuperWissBoot: Load assets · 72 / 270
09-25 11:02:13.108 11317 11317 I SuperWissBoot: Load assets · 73 / 270
09-25 11:02:13.108 11317 11317 I SuperWissBoot: Load assets · 74 / 270
09-25 11:02:13.109 11317 11317 I SuperWissBoot: Load assets · 75 / 270
09-25 11:02:13.109 11317 11317 I SuperWissBoot: Load assets · 76 / 270
09-25 11:02:13.109 11317 11317 I SuperWissBoot: Load assets · 77 / 270
09-25 11:02:13.109 11317 11317 I SuperWissBoot: Load assets · 78 / 270
09-25 11:02:13.109 11317 11317 I SuperWissBoot: Load assets · 79 / 270
09-25 11:02:13.109 11317 11317 I SuperWissBoot: Load assets · 80 / 270
09-25 11:02:13.109 11317 11317 I SuperWissBoot: Load assets · 81 / 270
09-25 11:02:13.109 11317 11317 I SuperWissBoot: Load assets · 82 / 270
09-25 11:02:13.109 11317 11317 I SuperWissBoot: Load assets · 83 / 270
09-25 11:02:13.109 11317 11317 I SuperWissBoot: Load assets · 84 / 270
09-25 11:02:13.109 11317 11317 I SuperWissBoot: Load assets · 85 / 270
09-25 11:02:13.109 11317 11317 I SuperWissBoot: Load assets · 86 / 270
09-25 11:02:13.109 11317 11317 I SuperWissBoot: Load assets · 87 / 270
09-25 11:02:13.109 11317 11317 I SuperWissBoot: Load assets · 88 / 270
09-25 11:02:13.109 11317 11317 I SuperWissBoot: Load assets · 89 / 270
09-25 11:02:13.109 11317 11317 I SuperWissBoot: Load assets · 90 / 270
09-25 11:02:13.109 11317 11317 I SuperWissBoot: Load assets · 91 / 270
09-25 11:02:13.109 11317 11317 I SuperWissBoot: Load assets · 92 / 270
09-25 11:02:13.109 11317 11317 I SuperWissBoot: Load assets · 93 / 270
09-25 11:02:13.109 11317 11317 I SuperWissBoot: Load assets · 94 / 270
09-25 11:02:13.109 11317 11317 I SuperWissBoot: Load assets · 95 / 270
09-25 11:02:13.109 11317 11317 I SuperWissBoot: Load assets · 96 / 270
09-25 11:02:13.109 11317 11317 I SuperWissBoot: Load assets · 97 / 270
09-25 11:02:13.109 11317 11317 I SuperWissBoot: Load assets · 98 / 270
09-25 11:02:13.110 11317 11317 I SuperWissBoot: Load assets · 99 / 270
09-25 11:02:13.110 11317 11317 I SuperWissBoot: Load assets · 100 / 270
09-25 11:02:13.110 11317 11317 I SuperWissBoot: Load assets · 101 / 270
09-25 11:02:13.110 11317 11317 I SuperWissBoot: Load assets · 102 / 270
09-25 11:02:13.110 11317 11317 I SuperWissBoot: Load assets · 103 / 270
09-25 11:02:13.110 11317 11317 I SuperWissBoot: Load assets · 104 / 270
09-25 11:02:13.111 11317 11317 I SuperWissBoot: Load assets · 105 / 270
09-25 11:02:13.111 11317 11317 I SuperWissBoot: Load assets · 106 / 270
09-25 11:02:13.111 11317 11317 I SuperWissBoot: Load assets · 107 / 270
09-25 11:02:13.111 11317 11317 I SuperWissBoot: Load assets · 108 / 270
09-25 11:02:13.111 11317 11317 I SuperWissBoot: Load assets · 109 / 270
09-25 11:02:13.111 11317 11317 I SuperWissBoot: Load assets · 110 / 270
09-25 11:02:13.111 11317 11317 I SuperWissBoot: Load assets · 111 / 270
09-25 11:02:13.111 11317 11317 I SuperWissBoot: Load assets · 112 / 270
09-25 11:02:13.111 11317 11317 I SuperWissBoot: Load assets · 113 / 270
09-25 11:02:13.113 11317 11317 I SuperWissBoot: Load assets · 114 / 270
09-25 11:02:13.114 11317 11317 I SuperWissBoot: Load assets · 115 / 270
09-25 11:02:13.114 11317 11317 I SuperWissBoot: Load assets · 116 / 270
09-25 11:02:13.114 11317 11317 I SuperWissBoot: Load assets · 117 / 270
09-25 11:02:13.114 11317 11317 I SuperWissBoot: Load assets · 118 / 270
09-25 11:02:13.114 11317 11317 I SuperWissBoot: Load assets · 119 / 270
09-25 11:02:13.114 11317 11317 I SuperWissBoot: Load assets · 120 / 270
09-25 11:02:13.114 11317 11317 I SuperWissBoot: Load assets · 121 / 270
09-25 11:02:13.114 11317 11317 I SuperWissBoot: Load assets · 122 / 270
09-25 11:02:13.114 11317 11317 I SuperWissBoot: Load assets · 123 / 270
09-25 11:02:13.114 11317 11317 I SuperWissBoot: Load assets · 124 / 270
09-25 11:02:13.114 11317 11317 I SuperWissBoot: Load assets · 125 / 270
09-25 11:02:13.114 11317 11317 I SuperWissBoot: Load assets · 126 / 270
09-25 11:02:13.114 11317 11317 I SuperWissBoot: Load assets · 127 / 270
09-25 11:02:13.114 11317 11317 I SuperWissBoot: Load assets · 128 / 270
09-25 11:02:13.114 11317 11317 I SuperWissBoot: Load assets · 129 / 270
09-25 11:02:13.114 11317 11317 I SuperWissBoot: Load assets · 130 / 270
09-25 11:02:13.114 11317 11317 I SuperWissBoot: Load assets · 131 / 270
09-25 11:02:13.115 11317 11317 I SuperWissBoot: Load assets · 132 / 270
09-25 11:02:13.115 11317 11317 I SuperWissBoot: Load assets · 133 / 270
09-25 11:02:13.115 11317 11317 I SuperWissBoot: Load assets · 134 / 270
09-25 11:02:13.115 11317 11317 I SuperWissBoot: Load assets · 135 / 270
09-25 11:02:13.115 11317 11317 I SuperWissBoot: Load assets · 136 / 270
09-25 11:02:13.115 11317 11317 I SuperWissBoot: Load assets · 137 / 270
09-25 11:02:13.115 11317 11317 I SuperWissBoot: Load assets · 138 / 270
09-25 11:02:13.115 11317 11317 I SuperWissBoot: Load assets · 139 / 270
09-25 11:02:13.115 11317 11317 I SuperWissBoot: Load assets · 140 / 270
09-25 11:02:13.115 11317 11317 I SuperWissBoot: Load assets · 141 / 270
09-25 11:02:13.115 11317 11317 I SuperWissBoot: Load assets · 142 / 270
09-25 11:02:13.115 11317 11317 I SuperWissBoot: Load assets · 143 / 270
09-25 11:02:13.115 11317 11317 I SuperWissBoot: Load assets · 144 / 270
09-25 11:02:13.115 11317 11317 I SuperWissBoot: Load assets · 145 / 270
09-25 11:02:13.115 11317 11317 I SuperWissBoot: Load assets · 146 / 270
09-25 11:02:13.115 11317 11317 I SuperWissBoot: Load assets · 147 / 270
09-25 11:02:13.115 11317 11317 I SuperWissBoot: Load assets · 148 / 270
09-25 11:02:13.115 11317 11317 I SuperWissBoot: Load assets · 149 / 270
09-25 11:02:13.115 11317 11317 I SuperWissBoot: Load assets · 150 / 270
09-25 11:02:13.115 11317 11317 I SuperWissBoot: Load assets · 151 / 270
09-25 11:02:13.115 11317 11317 I SuperWissBoot: Load assets · 152 / 270
09-25 11:02:13.115 11317 11317 I SuperWissBoot: Load assets · 153 / 270
09-25 11:02:13.115 11317 11317 I SuperWissBoot: Load assets · 154 / 270
09-25 11:02:13.115 11317 11317 I SuperWissBoot: Load assets · 155 / 270
09-25 11:02:13.115 11317 11317 I SuperWissBoot: Load assets · 156 / 270
09-25 11:02:13.115 11317 11317 I SuperWissBoot: Load assets · 157 / 270
09-25 11:02:13.115 11317 11317 I SuperWissBoot: Load assets · 158 / 270
09-25 11:02:13.115 11317 11317 I SuperWissBoot: Load assets · 159 / 270
09-25 11:02:13.115 11317 11317 I SuperWissBoot: Load assets · 160 / 270
09-25 11:02:13.115 11317 11317 I SuperWissBoot: Load assets · 161 / 270
09-25 11:02:13.115 11317 11317 I SuperWissBoot: Load assets · 162 / 270
09-25 11:02:13.116 11317 11317 I SuperWissBoot: Load assets · 163 / 270
09-25 11:02:13.116 11317 11317 I SuperWissBoot: Load assets · 164 / 270
09-25 11:02:13.116 11317 11317 I SuperWissBoot: Load assets · 165 / 270
09-25 11:02:13.116 11317 11317 I SuperWissBoot: Load assets · 166 / 270
09-25 11:02:13.116 11317 11317 I SuperWissBoot: Load assets · 167 / 270
09-25 11:02:13.116 11317 11317 I SuperWissBoot: Load assets · 168 / 270
09-25 11:02:13.116 11317 11317 I SuperWissBoot: Load assets · 169 / 270
09-25 11:02:13.116 11317 11317 I SuperWissBoot: Load assets · 170 / 270
09-25 11:02:13.116 11317 11317 I SuperWissBoot: Load assets · 171 / 270
09-25 11:02:13.116 11317 11317 I SuperWissBoot: Load assets · 172 / 270
09-25 11:02:13.116 11317 11317 I SuperWissBoot: Load assets · 173 / 270
09-25 11:02:13.116 11317 11317 I SuperWissBoot: Load assets · 174 / 270
09-25 11:02:13.116 11317 11317 I SuperWissBoot: Load assets · 175 / 270
09-25 11:02:13.116 11317 11317 I SuperWissBoot: Load assets · 176 / 270
09-25 11:02:13.116 11317 11317 I SuperWissBoot: Load assets · 177 / 270
09-25 11:02:13.116 11317 11317 I SuperWissBoot: Load assets · 178 / 270
09-25 11:02:13.116 11317 11317 I SuperWissBoot: Load assets · 179 / 270
09-25 11:02:13.116 11317 11317 I SuperWissBoot: Load assets · 180 / 270
09-25 11:02:13.116 11317 11317 I SuperWissBoot: Load assets · 181 / 270
09-25 11:02:13.116 11317 11317 I SuperWissBoot: Load assets · 182 / 270
09-25 11:02:13.116 11317 11317 I SuperWissBoot: Load assets · 183 / 270
09-25 11:02:13.116 11317 11317 I SuperWissBoot: Load assets · 184 / 270
09-25 11:02:13.117 11317 11317 I SuperWissBoot: Load assets · 185 / 270
09-25 11:02:13.117 11317 11317 I SuperWissBoot: Load assets · 186 / 270
09-25 11:02:13.117 11317 11317 I SuperWissBoot: Load assets · 187 / 270
09-25 11:02:13.117 11317 11317 I SuperWissBoot: Load assets · 188 / 270
09-25 11:02:13.117 11317 11317 I SuperWissBoot: Load assets · 189 / 270
09-25 11:02:13.117 11317 11317 I SuperWissBoot: Load assets · 190 / 270
09-25 11:02:13.117 11317 11317 I SuperWissBoot: Load assets · 191 / 270
09-25 11:02:13.117 11317 11317 I SuperWissBoot: Load assets · 192 / 270
09-25 11:02:13.117 11317 11317 I SuperWissBoot: Load assets · 193 / 270
09-25 11:02:13.117 11317 11317 I SuperWissBoot: Load assets · 194 / 270
09-25 11:02:13.117 11317 11317 I SuperWissBoot: Load assets · 195 / 270
09-25 11:02:13.117 11317 11317 I SuperWissBoot: Load assets · 196 / 270
09-25 11:02:13.117 11317 11317 I SuperWissBoot: Load assets · 197 / 270
09-25 11:02:13.117 11317 11317 I SuperWissBoot: Load assets · 198 / 270
09-25 11:02:13.117 11317 11317 I SuperWissBoot: Load assets · 199 / 270
09-25 11:02:13.117 11317 11317 I SuperWissBoot: Load assets · 200 / 270
09-25 11:02:13.117 11317 11317 I SuperWissBoot: Load assets · 201 / 270
09-25 11:02:13.117 11317 11317 I SuperWissBoot: Load assets · 202 / 270
09-25 11:02:13.117 11317 11317 I SuperWissBoot: Load assets · 203 / 270
09-25 11:02:13.117 11317 11317 I SuperWissBoot: Load assets · 204 / 270
09-25 11:02:13.117 11317 11317 I SuperWissBoot: Load assets · 205 / 270
09-25 11:02:13.117 11317 11317 I SuperWissBoot: Load assets · 206 / 270
09-25 11:02:13.117 11317 11317 I SuperWissBoot: Load assets · 207 / 270
09-25 11:02:13.117 11317 11317 I SuperWissBoot: Load assets · 208 / 270
09-25 11:02:13.117 11317 11317 I SuperWissBoot: Load assets · 209 / 270
09-25 11:02:13.117 11317 11317 I SuperWissBoot: Load assets · 210 / 270
09-25 11:02:13.117 11317 11317 I SuperWissBoot: Load assets · 211 / 270
09-25 11:02:13.117 11317 11317 I SuperWissBoot: Load assets · 212 / 270
09-25 11:02:13.117 11317 11317 I SuperWissBoot: Load assets · 213 / 270
09-25 11:02:13.117 11317 11317 I SuperWissBoot: Load assets · 214 / 270
09-25 11:02:13.117 11317 11317 I SuperWissBoot: Load assets · 215 / 270
09-25 11:02:13.117 11317 11317 I SuperWissBoot: Load assets · 216 / 270
09-25 11:02:13.118 11317 11317 I SuperWissBoot: Load assets · 217 / 270
09-25 11:02:13.118 11317 11317 I SuperWissBoot: Load assets · 218 / 270
09-25 11:02:13.118 11317 11317 I SuperWissBoot: Load assets · 219 / 270
09-25 11:02:13.118 11317 11317 I SuperWissBoot: Load assets · 220 / 270
09-25 11:02:13.118 11317 11317 I SuperWissBoot: Load assets · 221 / 270
09-25 11:02:13.118 11317 11317 I SuperWissBoot: Load assets · 222 / 270
09-25 11:02:13.118 11317 11317 I SuperWissBoot: Load assets · 223 / 270
09-25 11:02:13.118 11317 11317 I SuperWissBoot: Load assets · 224 / 270
09-25 11:02:13.118 11317 11317 I SuperWissBoot: Load assets · 225 / 270
09-25 11:02:13.118 11317 11317 I SuperWissBoot: Load assets · 226 / 270
09-25 11:02:13.118 11317 11317 I SuperWissBoot: Load assets · 227 / 270
09-25 11:02:13.118 11317 11317 I SuperWissBoot: Load assets · 228 / 270
09-25 11:02:13.118 11317 11317 I SuperWissBoot: Load assets · 229 / 270
09-25 11:02:13.118 11317 11317 I SuperWissBoot: Load assets · 230 / 270
09-25 11:02:13.118 11317 11317 I SuperWissBoot: Load assets · 231 / 270
09-25 11:02:13.118 11317 11317 I SuperWissBoot: Load assets · 232 / 270
09-25 11:02:13.118 11317 11317 I SuperWissBoot: Load assets · 233 / 270
09-25 11:02:13.118 11317 11317 I SuperWissBoot: Load assets · 234 / 270
09-25 11:02:13.118 11317 11317 I SuperWissBoot: Load assets · 235 / 270
09-25 11:02:13.118 11317 11317 I SuperWissBoot: Load assets · 236 / 270
09-25 11:02:13.119 11317 11317 I SuperWissBoot: Load assets · 237 / 270
09-25 11:02:13.119 11317 11317 I SuperWissBoot: Load assets · 238 / 270
09-25 11:02:13.119 11317 11317 I SuperWissBoot: Load assets · 239 / 270
09-25 11:02:13.119 11317 11317 I SuperWissBoot: Load assets · 240 / 270
09-25 11:02:13.119 11317 11317 I SuperWissBoot: Load assets · 241 / 270
09-25 11:02:13.119 11317 11317 I SuperWissBoot: Load assets · 242 / 270
09-25 11:02:13.119 11317 11317 I SuperWissBoot: Load assets · 243 / 270
09-25 11:02:13.119 11317 11317 I SuperWissBoot: Load assets · 244 / 270
09-25 11:02:13.119 11317 11317 I SuperWissBoot: Load assets · 245 / 270
09-25 11:02:13.119 11317 11317 I SuperWissBoot: Load assets · 246 / 270
09-25 11:02:13.119 11317 11317 I SuperWissBoot: Load assets · 247 / 270
09-25 11:02:13.119 11317 11317 I SuperWissBoot: Load assets · 248 / 270
09-25 11:02:13.119 11317 11317 I SuperWissBoot: Load assets · 249 / 270
09-25 11:02:13.119 11317 11317 I SuperWissBoot: Load assets · 250 / 270
09-25 11:02:13.119 11317 11317 I SuperWissBoot: Load assets · 251 / 270
09-25 11:02:13.119 11317 11317 I SuperWissBoot: Load assets · 252 / 270
09-25 11:02:13.119 11317 11317 I SuperWissBoot: Load assets · 253 / 270
09-25 11:02:13.119 11317 11317 I SuperWissBoot: Load assets · 254 / 270
09-25 11:02:13.119 11317 11317 I SuperWissBoot: Load assets · 255 / 270
09-25 11:02:13.119 11317 11317 I SuperWissBoot: Load assets · 256 / 270
09-25 11:02:13.119 11317 11317 I SuperWissBoot: Load assets · 257 / 270
09-25 11:02:13.119 11317 11317 I SuperWissBoot: Load assets · 258 / 270
09-25 11:02:13.119 11317 11317 I SuperWissBoot: Load assets · 259 / 270
09-25 11:02:13.119 11317 11317 I SuperWissBoot: Load assets · 260 / 270
09-25 11:02:13.120 11317 11317 I SuperWissBoot: Load assets · 261 / 270
09-25 11:02:13.120 11317 11317 I SuperWissBoot: Load assets · 262 / 270
09-25 11:02:13.120 11317 11317 I SuperWissBoot: Load assets · 263 / 270
09-25 11:02:13.120 11317 11317 I SuperWissBoot: Load assets · 264 / 270
09-25 11:02:13.120 11317 11317 I SuperWissBoot: Load assets · 265 / 270
09-25 11:02:13.120 11317 11317 I SuperWissBoot: Load assets · 266 / 270
09-25 11:02:13.120 11317 11317 I SuperWissBoot: Load assets · 267 / 270
09-25 11:02:13.120 11317 11317 I SuperWissBoot: Load assets · 268 / 270
09-25 11:02:13.120 11317 11317 I SuperWissBoot: Load assets · 269 / 270
09-25 11:02:13.120 11317 11317 I SuperWissBoot: Load assets · 270 / 270
09-25 11:02:13.120 11317 11317 I SuperWissBoot: Initialize save
09-25 11:02:13.120 11317 11317 I SuperWissBoot: Initialize audio
09-25 11:02:13.120 11317 11317 I SuperWissBoot: Initialize game
09-25 11:02:13.124 11317 11317 I SuperWissBoot: Home screen
09-25 11:05:32.507 11317 11317 I SuperWissBoot: Boot
09-25 11:05:32.621 11317 11317 I SuperWissBoot: Load config
09-25 11:05:32.621 11317 11317 I SuperWissBoot: Load assets
09-25 11:05:32.621 11317 11317 I SuperWissBoot: Load assets · 1 / 270
09-25 11:05:32.655 11317 11317 I SuperWissBoot: Load assets · 2 / 270
09-25 11:05:32.656 11317 11317 I SuperWissBoot: Load assets · 3 / 270
09-25 11:05:32.656 11317 11317 I SuperWissBoot: Load assets · 4 / 270
09-25 11:05:32.656 11317 11317 I SuperWissBoot: Load assets · 5 / 270
09-25 11:05:32.656 11317 11317 I SuperWissBoot: Load assets · 6 / 270
09-25 11:05:32.656 11317 11317 I SuperWissBoot: Load assets · 7 / 270
09-25 11:05:32.656 11317 11317 I SuperWissBoot: Load assets · 8 / 270
09-25 11:05:32.656 11317 11317 I SuperWissBoot: Load assets · 9 / 270
09-25 11:05:32.656 11317 11317 I SuperWissBoot: Load assets · 10 / 270
09-25 11:05:32.656 11317 11317 I SuperWissBoot: Load assets · 11 / 270
09-25 11:05:32.656 11317 11317 I SuperWissBoot: Load assets · 12 / 270
09-25 11:05:32.656 11317 11317 I SuperWissBoot: Load assets · 13 / 270
09-25 11:05:32.656 11317 11317 I SuperWissBoot: Load assets · 14 / 270
09-25 11:05:32.656 11317 11317 I SuperWissBoot: Load assets · 15 / 270
09-25 11:05:32.656 11317 11317 I SuperWissBoot: Load assets · 16 / 270
09-25 11:05:32.656 11317 11317 I SuperWissBoot: Load assets · 17 / 270
09-25 11:05:32.656 11317 11317 I SuperWissBoot: Load assets · 18 / 270
09-25 11:05:32.656 11317 11317 I SuperWissBoot: Load assets · 19 / 270
09-25 11:05:32.656 11317 11317 I SuperWissBoot: Load assets · 20 / 270
09-25 11:05:32.656 11317 11317 I SuperWissBoot: Load assets · 21 / 270
09-25 11:05:32.657 11317 11317 I SuperWissBoot: Load assets · 22 / 270
09-25 11:05:32.657 11317 11317 I SuperWissBoot: Load assets · 23 / 270
09-25 11:05:32.726 11317 11317 I SuperWissBoot: Load assets · 24 / 270
09-25 11:05:32.726 11317 11317 I SuperWissBoot: Load assets · 25 / 270
09-25 11:05:32.726 11317 11317 I SuperWissBoot: Load assets · 26 / 270
09-25 11:05:32.751 11317 11317 I SuperWissBoot: Load assets · 27 / 270
09-25 11:05:33.077 11317 11317 I SuperWissBoot: Load assets · 28 / 270
09-25 11:05:33.095 11317 11317 I SuperWissBoot: Load assets · 29 / 270
09-25 11:05:33.098 11317 11317 I SuperWissBoot: Load assets · 30 / 270
09-25 11:05:33.098 11317 11317 I SuperWissBoot: Load assets · 31 / 270
09-25 11:05:33.098 11317 11317 I SuperWissBoot: Load assets · 32 / 270
09-25 11:05:33.098 11317 11317 I SuperWissBoot: Load assets · 33 / 270
09-25 11:05:33.098 11317 11317 I SuperWissBoot: Load assets · 34 / 270
09-25 11:05:33.098 11317 11317 I SuperWissBoot: Load assets · 35 / 270
09-25 11:05:33.098 11317 11317 I SuperWissBoot: Load assets · 36 / 270
09-25 11:05:33.098 11317 11317 I SuperWissBoot: Load assets · 37 / 270
09-25 11:05:33.098 11317 11317 I SuperWissBoot: Load assets · 38 / 270
09-25 11:05:33.098 11317 11317 I SuperWissBoot: Load assets · 39 / 270
09-25 11:05:33.098 11317 11317 I SuperWissBoot: Load assets · 40 / 270
09-25 11:05:33.098 11317 11317 I SuperWissBoot: Load assets · 41 / 270
09-25 11:05:33.098 11317 11317 I SuperWissBoot: Load assets · 42 / 270
09-25 11:05:33.098 11317 11317 I SuperWissBoot: Load assets · 43 / 270
09-25 11:05:33.156 11317 11317 I SuperWissBoot: Load assets · 44 / 270
09-25 11:05:33.157 11317 11317 I SuperWissBoot: Load assets · 45 / 270
09-25 11:05:33.157 11317 11317 I SuperWissBoot: Load assets · 46 / 270
09-25 11:05:33.248 11317 11317 I SuperWissBoot: Load assets · 47 / 270
09-25 11:05:33.248 11317 11317 I SuperWissBoot: Load assets · 48 / 270
09-25 11:05:33.248 11317 11317 I SuperWissBoot: Load assets · 49 / 270
09-25 11:05:33.248 11317 11317 I SuperWissBoot: Load assets · 50 / 270
09-25 11:05:33.366 11317 11317 I SuperWissBoot: Load assets · 51 / 270
09-25 11:05:33.367 11317 11317 I SuperWissBoot: Load assets · 52 / 270
09-25 11:05:33.367 11317 11317 I SuperWissBoot: Load assets · 53 / 270
09-25 11:05:33.368 11317 11317 I SuperWissBoot: Load assets · 54 / 270
09-25 11:05:33.368 11317 11317 I SuperWissBoot: Load assets · 55 / 270
09-25 11:05:33.368 11317 11317 I SuperWissBoot: Load assets · 56 / 270
09-25 11:05:33.487 11317 11317 I SuperWissBoot: Load assets · 57 / 270
09-25 11:05:33.487 11317 11317 I SuperWissBoot: Load assets · 58 / 270
09-25 11:05:33.487 11317 11317 I SuperWissBoot: Load assets · 59 / 270
09-25 11:05:33.489 11317 11317 I SuperWissBoot: Load assets · 60 / 270
09-25 11:05:33.490 11317 11317 I SuperWissBoot: Load assets · 61 / 270
09-25 11:05:33.579 11317 11317 I SuperWissBoot: Load assets · 62 / 270
09-25 11:05:33.579 11317 11317 I SuperWissBoot: Load assets · 63 / 270
09-25 11:05:33.579 11317 11317 I SuperWissBoot: Load assets · 64 / 270
09-25 11:05:33.665 11317 11317 I SuperWissBoot: Load assets · 65 / 270
09-25 11:05:33.665 11317 11317 I SuperWissBoot: Load assets · 66 / 270
09-25 11:05:33.665 11317 11317 I SuperWissBoot: Load assets · 67 / 270
09-25 11:05:33.665 11317 11317 I SuperWissBoot: Load assets · 68 / 270
09-25 11:05:33.665 11317 11317 I SuperWissBoot: Load assets · 69 / 270
09-25 11:05:33.665 11317 11317 I SuperWissBoot: Load assets · 70 / 270
09-25 11:05:33.665 11317 11317 I SuperWissBoot: Load assets · 71 / 270
09-25 11:05:33.768 11317 11317 I SuperWissBoot: Load assets · 72 / 270
09-25 11:05:33.768 11317 11317 I SuperWissBoot: Load assets · 73 / 270
09-25 11:05:33.854 11317 11317 I SuperWissBoot: Load assets · 74 / 270
09-25 11:05:33.854 11317 11317 I SuperWissBoot: Load assets · 75 / 270
09-25 11:05:33.854 11317 11317 I SuperWissBoot: Load assets · 76 / 270
09-25 11:05:33.957 11317 11317 I SuperWissBoot: Load assets · 77 / 270
09-25 11:05:33.958 11317 11317 I SuperWissBoot: Load assets · 78 / 270
09-25 11:05:34.028 11317 11317 I SuperWissBoot: Load assets · 79 / 270
09-25 11:05:34.028 11317 11317 I SuperWissBoot: Load assets · 80 / 270
09-25 11:05:34.028 11317 11317 I SuperWissBoot: Load assets · 81 / 270
09-25 11:05:34.040 11317 11317 I SuperWissBoot: Load assets · 82 / 270
09-25 11:05:34.040 11317 11317 I SuperWissBoot: Load assets · 83 / 270
09-25 11:05:34.040 11317 11317 I SuperWissBoot: Load assets · 84 / 270
09-25 11:05:34.040 11317 11317 I SuperWissBoot: Load assets · 85 / 270
09-25 11:05:34.116 11317 11317 I SuperWissBoot: Load assets · 86 / 270
09-25 11:05:34.116 11317 11317 I SuperWissBoot: Load assets · 87 / 270
09-25 11:05:34.116 11317 11317 I SuperWissBoot: Load assets · 88 / 270
09-25 11:05:34.121 11317 11317 I SuperWissBoot: Load assets · 89 / 270
09-25 11:05:34.152 11317 11317 I SuperWissBoot: Load assets · 90 / 270
09-25 11:05:34.185 11317 11317 I SuperWissBoot: Load assets · 91 / 270
09-25 11:05:34.335 11317 11317 I SuperWissBoot: Load assets · 92 / 270
09-25 11:05:34.335 11317 11317 I SuperWissBoot: Load assets · 93 / 270
09-25 11:05:34.422 11317 11317 I SuperWissBoot: Load assets · 94 / 270
09-25 11:05:34.423 11317 11317 I SuperWissBoot: Load assets · 95 / 270
09-25 11:05:34.423 11317 11317 I SuperWissBoot: Load assets · 96 / 270
09-25 11:05:34.521 11317 11317 I SuperWissBoot: Load assets · 97 / 270
09-25 11:05:34.522 11317 11317 I SuperWissBoot: Load assets · 98 / 270
09-25 11:05:34.522 11317 11317 I SuperWissBoot: Load assets · 99 / 270
09-25 11:05:34.522 11317 11317 I SuperWissBoot: Load assets · 100 / 270
09-25 11:05:34.522 11317 11317 I SuperWissBoot: Load assets · 101 / 270
09-25 11:05:34.623 11317 11317 I SuperWissBoot: Load assets · 102 / 270
09-25 11:05:34.624 11317 11317 I SuperWissBoot: Load assets · 103 / 270
09-25 11:05:34.624 11317 11317 I SuperWissBoot: Load assets · 104 / 270
09-25 11:05:34.624 11317 11317 I SuperWissBoot: Load assets · 105 / 270
09-25 11:05:34.624 11317 11317 I SuperWissBoot: Load assets · 106 / 270
09-25 11:05:34.624 11317 11317 I SuperWissBoot: Load assets · 107 / 270
09-25 11:05:34.702 11317 11317 I SuperWissBoot: Load assets · 108 / 270
09-25 11:05:34.812 11317 11317 I SuperWissBoot: Load assets · 109 / 270
09-25 11:05:34.812 11317 11317 I SuperWissBoot: Load assets · 110 / 270
09-25 11:05:34.918 11317 11317 I SuperWissBoot: Load assets · 111 / 270
09-25 11:05:34.918 11317 11317 I SuperWissBoot: Load assets · 112 / 270
09-25 11:05:34.918 11317 11317 I SuperWissBoot: Load assets · 113 / 270
09-25 11:05:34.918 11317 11317 I SuperWissBoot: Load assets · 114 / 270
09-25 11:05:35.002 11317 11317 I SuperWissBoot: Load assets · 115 / 270
09-25 11:05:35.002 11317 11317 I SuperWissBoot: Load assets · 116 / 270
09-25 11:05:35.098 11317 11317 I SuperWissBoot: Load assets · 117 / 270
09-25 11:05:35.098 11317 11317 I SuperWissBoot: Load assets · 118 / 270
09-25 11:05:35.098 11317 11317 I SuperWissBoot: Load assets · 119 / 270
09-25 11:05:35.098 11317 11317 I SuperWissBoot: Load assets · 120 / 270
09-25 11:05:35.098 11317 11317 I SuperWissBoot: Load assets · 121 / 270
09-25 11:05:35.102 11317 11317 I SuperWissBoot: Load assets · 122 / 270
09-25 11:05:35.188 11317 11317 I SuperWissBoot: Load assets · 123 / 270
09-25 11:05:35.188 11317 11317 I SuperWissBoot: Load assets · 124 / 270
09-25 11:05:35.274 11317 11317 I SuperWissBoot: Load assets · 125 / 270
09-25 11:05:35.274 11317 11317 I SuperWissBoot: Load assets · 126 / 270
09-25 11:05:35.274 11317 11317 I SuperWissBoot: Load assets · 127 / 270
09-25 11:05:35.310 11317 11317 I SuperWissBoot: Load assets · 128 / 270
09-25 11:05:35.404 11317 11317 I SuperWissBoot: Load assets · 129 / 270
09-25 11:05:35.501 11317 11317 I SuperWissBoot: Load assets · 130 / 270
09-25 11:05:35.501 11317 11317 I SuperWissBoot: Load assets · 131 / 270
09-25 11:05:35.501 11317 11317 I SuperWissBoot: Load assets · 132 / 270
09-25 11:05:35.628 11317 11317 I SuperWissBoot: Load assets · 133 / 270
09-25 11:05:35.628 11317 11317 I SuperWissBoot: Load assets · 134 / 270
09-25 11:05:35.630 11317 11317 I SuperWissBoot: Load assets · 135 / 270
09-25 11:05:35.631 11317 11317 I SuperWissBoot: Load assets · 136 / 270
09-25 11:05:35.631 11317 11317 I SuperWissBoot: Load assets · 137 / 270
09-25 11:05:35.681 11317 11317 I SuperWissBoot: Load assets · 138 / 270
09-25 11:05:35.684 11317 11317 I SuperWissBoot: Load assets · 139 / 270
09-25 11:05:35.685 11317 11317 I SuperWissBoot: Load assets · 140 / 270
09-25 11:05:35.685 11317 11317 I SuperWissBoot: Load assets · 141 / 270
09-25 11:05:35.686 11317 11317 I SuperWissBoot: Load assets · 142 / 270
09-25 11:05:35.687 11317 11317 I SuperWissBoot: Load assets · 143 / 270
09-25 11:05:35.690 11317 11317 I SuperWissBoot: Load assets · 144 / 270
09-25 11:05:35.694 11317 11317 I SuperWissBoot: Load assets · 145 / 270
09-25 11:05:35.791 11317 11317 I SuperWissBoot: Load assets · 146 / 270
09-25 11:05:35.791 11317 11317 I SuperWissBoot: Load assets · 147 / 270
09-25 11:05:35.791 11317 11317 I SuperWissBoot: Load assets · 148 / 270
09-25 11:05:35.890 11317 11317 I SuperWissBoot: Load assets · 149 / 270
09-25 11:05:35.891 11317 11317 I SuperWissBoot: Load assets · 150 / 270
09-25 11:05:35.892 11317 11317 I SuperWissBoot: Load assets · 151 / 270
09-25 11:05:35.892 11317 11317 I SuperWissBoot: Load assets · 152 / 270
09-25 11:05:35.952 11317 11317 I SuperWissBoot: Load assets · 153 / 270
09-25 11:05:35.953 11317 11317 I SuperWissBoot: Load assets · 154 / 270
09-25 11:05:35.954 11317 11317 I SuperWissBoot: Load assets · 155 / 270
09-25 11:05:35.954 11317 11317 I SuperWissBoot: Load assets · 156 / 270
09-25 11:05:36.026 11317 11317 I SuperWissBoot: Load assets · 157 / 270
09-25 11:05:36.027 11317 11317 I SuperWissBoot: Load assets · 158 / 270
09-25 11:05:36.027 11317 11317 I SuperWissBoot: Load assets · 159 / 270
09-25 11:05:36.027 11317 11317 I SuperWissBoot: Load assets · 160 / 270
09-25 11:05:36.154 11317 11317 I SuperWissBoot: Load assets · 161 / 270
09-25 11:05:36.154 11317 11317 I SuperWissBoot: Load assets · 162 / 270
09-25 11:05:36.154 11317 11317 I SuperWissBoot: Load assets · 163 / 270
09-25 11:05:36.154 11317 11317 I SuperWissBoot: Load assets · 164 / 270
09-25 11:05:36.154 11317 11317 I SuperWissBoot: Load assets · 165 / 270
09-25 11:05:36.154 11317 11317 I SuperWissBoot: Load assets · 166 / 270
09-25 11:05:36.203 11317 11317 I SuperWissBoot: Load assets · 167 / 270
09-25 11:05:36.203 11317 11317 I SuperWissBoot: Load assets · 168 / 270
09-25 11:05:36.203 11317 11317 I SuperWissBoot: Load assets · 169 / 270
09-25 11:05:36.203 11317 11317 I SuperWissBoot: Load assets · 170 / 270
09-25 11:05:36.207 11317 11317 I SuperWissBoot: Load assets · 171 / 270
09-25 11:05:36.208 11317 11317 I SuperWissBoot: Load assets · 172 / 270
09-25 11:05:36.361 11317 11317 I SuperWissBoot: Load assets · 173 / 270
09-25 11:05:36.361 11317 11317 I SuperWissBoot: Load assets · 174 / 270
09-25 11:05:36.361 11317 11317 I SuperWissBoot: Load assets · 175 / 270
09-25 11:05:36.361 11317 11317 I SuperWissBoot: Load assets · 176 / 270
09-25 11:05:36.371 11317 11317 I SuperWissBoot: Load assets · 177 / 270
09-25 11:05:36.372 11317 11317 I SuperWissBoot: Load assets · 178 / 270
09-25 11:05:36.404 11317 11317 I SuperWissBoot: Load assets · 179 / 270
09-25 11:05:36.444 11317 11317 I SuperWissBoot: Load assets · 180 / 270
09-25 11:05:36.444 11317 11317 I SuperWissBoot: Load assets · 181 / 270
09-25 11:05:36.452 11317 11317 I SuperWissBoot: Load assets · 182 / 270
09-25 11:05:36.452 11317 11317 I SuperWissBoot: Load assets · 183 / 270
09-25 11:05:36.660 11317 11317 I SuperWissBoot: Load assets · 184 / 270
09-25 11:05:36.660 11317 11317 I SuperWissBoot: Load assets · 185 / 270
09-25 11:05:36.660 11317 11317 I SuperWissBoot: Load assets · 186 / 270
09-25 11:05:36.660 11317 11317 I SuperWissBoot: Load assets · 187 / 270
09-25 11:05:36.660 11317 11317 I SuperWissBoot: Load assets · 188 / 270
09-25 11:05:36.660 11317 11317 I SuperWissBoot: Load assets · 189 / 270
09-25 11:05:36.661 11317 11317 I SuperWissBoot: Load assets · 190 / 270
09-25 11:05:36.734 11317 11317 I SuperWissBoot: Load assets · 191 / 270
09-25 11:05:36.735 11317 11317 I SuperWissBoot: Load assets · 192 / 270
09-25 11:05:36.735 11317 11317 I SuperWissBoot: Load assets · 193 / 270
09-25 11:05:36.735 11317 11317 I SuperWissBoot: Load assets · 194 / 270
09-25 11:05:36.735 11317 11317 I SuperWissBoot: Load assets · 195 / 270
09-25 11:05:36.735 11317 11317 I SuperWissBoot: Load assets · 196 / 270
09-25 11:05:36.814 11317 11317 I SuperWissBoot: Load assets · 197 / 270
09-25 11:05:36.886 11317 11317 I SuperWissBoot: Load assets · 198 / 270
09-25 11:05:36.887 11317 11317 I SuperWissBoot: Load assets · 199 / 270
09-25 11:05:36.972 11317 11317 I SuperWissBoot: Load assets · 200 / 270
09-25 11:05:36.988 11317 11317 I SuperWissBoot: Load assets · 201 / 270
09-25 11:05:36.988 11317 11317 I SuperWissBoot: Load assets · 202 / 270
09-25 11:05:36.988 11317 11317 I SuperWissBoot: Load assets · 203 / 270
09-25 11:05:36.988 11317 11317 I SuperWissBoot: Load assets · 204 / 270
09-25 11:05:37.048 11317 11317 I SuperWissBoot: Load assets · 205 / 270
09-25 11:05:37.048 11317 11317 I SuperWissBoot: Load assets · 206 / 270
09-25 11:05:37.048 11317 11317 I SuperWissBoot: Load assets · 207 / 270
09-25 11:05:37.048 11317 11317 I SuperWissBoot: Load assets · 208 / 270
09-25 11:05:37.048 11317 11317 I SuperWissBoot: Load assets · 209 / 270
09-25 11:05:37.051 11317 11317 I SuperWissBoot: Load assets · 210 / 270
09-25 11:05:37.051 11317 11317 I SuperWissBoot: Load assets · 211 / 270
09-25 11:05:37.131 11317 11317 I SuperWissBoot: Load assets · 212 / 270
09-25 11:05:37.131 11317 11317 I SuperWissBoot: Load assets · 213 / 270
09-25 11:05:37.132 11317 11317 I SuperWissBoot: Load assets · 214 / 270
09-25 11:05:37.208 11317 11317 I SuperWissBoot: Load assets · 215 / 270
09-25 11:05:37.209 11317 11317 I SuperWissBoot: Load assets · 216 / 270
09-25 11:05:37.302 11317 11317 I SuperWissBoot: Load assets · 217 / 270
09-25 11:05:37.302 11317 11317 I SuperWissBoot: Load assets · 218 / 270
09-25 11:05:37.320 11317 11317 I SuperWissBoot: Load assets · 219 / 270
09-25 11:05:37.322 11317 11317 I SuperWissBoot: Load assets · 220 / 270
09-25 11:05:37.322 11317 11317 I SuperWissBoot: Load assets · 221 / 270
09-25 11:05:37.323 11317 11317 I SuperWissBoot: Load assets · 222 / 270
09-25 11:05:37.336 11317 11317 I SuperWissBoot: Load assets · 223 / 270
09-25 11:05:37.392 11317 11317 I SuperWissBoot: Load assets · 224 / 270
09-25 11:05:37.485 11317 11317 I SuperWissBoot: Load assets · 225 / 270
09-25 11:05:37.491 11317 11317 I SuperWissBoot: Load assets · 226 / 270
09-25 11:05:37.492 11317 11317 I SuperWissBoot: Load assets · 227 / 270
09-25 11:05:37.492 11317 11317 I SuperWissBoot: Load assets · 228 / 270
09-25 11:05:37.574 11317 11317 I SuperWissBoot: Load assets · 229 / 270
09-25 11:05:37.575 11317 11317 I SuperWissBoot: Load assets · 230 / 270
09-25 11:05:37.575 11317 11317 I SuperWissBoot: Load assets · 231 / 270
09-25 11:05:37.575 11317 11317 I SuperWissBoot: Load assets · 232 / 270
09-25 11:05:37.668 11317 11317 I SuperWissBoot: Load assets · 233 / 270
09-25 11:05:37.670 11317 11317 I SuperWissBoot: Load assets · 234 / 270
09-25 11:05:37.683 11317 11317 I SuperWissBoot: Load assets · 235 / 270
09-25 11:05:37.683 11317 11317 I SuperWissBoot: Load assets · 236 / 270
09-25 11:05:37.683 11317 11317 I SuperWissBoot: Load assets · 237 / 270
09-25 11:05:37.683 11317 11317 I SuperWissBoot: Load assets · 238 / 270
09-25 11:05:37.754 11317 11317 I SuperWissBoot: Load assets · 239 / 270
09-25 11:05:37.754 11317 11317 I SuperWissBoot: Load assets · 240 / 270
09-25 11:05:37.798 11317 11317 I SuperWissBoot: Load assets · 241 / 270
09-25 11:05:37.798 11317 11317 I SuperWissBoot: Load assets · 242 / 270
09-25 11:05:37.798 11317 11317 I SuperWissBoot: Load assets · 243 / 270
09-25 11:05:37.862 11317 11317 I SuperWissBoot: Load assets · 244 / 270
09-25 11:05:37.957 11317 11317 I SuperWissBoot: Load assets · 245 / 270
09-25 11:05:38.048 11317 11317 I SuperWissBoot: Load assets · 246 / 270
09-25 11:05:38.048 11317 11317 I SuperWissBoot: Load assets · 247 / 270
09-25 11:05:38.048 11317 11317 I SuperWissBoot: Load assets · 248 / 270
09-25 11:05:38.048 11317 11317 I SuperWissBoot: Load assets · 249 / 270
09-25 11:05:38.048 11317 11317 I SuperWissBoot: Load assets · 250 / 270
09-25 11:05:38.048 11317 11317 I SuperWissBoot: Load assets · 251 / 270
09-25 11:05:38.119 11317 11317 I SuperWissBoot: Load assets · 252 / 270
09-25 11:05:38.119 11317 11317 I SuperWissBoot: Load assets · 253 / 270
09-25 11:05:38.200 11317 11317 I SuperWissBoot: Load assets · 254 / 270
09-25 11:05:38.209 11317 11317 I SuperWissBoot: Load assets · 255 / 270
09-25 11:05:38.209 11317 11317 I SuperWissBoot: Load assets · 256 / 270
09-25 11:05:38.239 11317 11317 I SuperWissBoot: Load assets · 257 / 270
09-25 11:05:38.239 11317 11317 I SuperWissBoot: Load assets · 258 / 270
09-25 11:05:38.239 11317 11317 I SuperWissBoot: Load assets · 259 / 270
09-25 11:05:38.275 11317 11317 I SuperWissBoot: Load assets · 260 / 270
09-25 11:05:38.289 11317 11317 I SuperWissBoot: Load assets · 261 / 270
09-25 11:05:38.463 11317 11317 I SuperWissBoot: Load assets · 262 / 270
09-25 11:05:38.463 11317 11317 I SuperWissBoot: Load assets · 263 / 270
09-25 11:05:38.463 11317 11317 I SuperWissBoot: Load assets · 264 / 270
09-25 11:05:38.463 11317 11317 I SuperWissBoot: Load assets · 265 / 270
09-25 11:05:38.463 11317 11317 I SuperWissBoot: Load assets · 266 / 270
09-25 11:05:38.463 11317 11317 I SuperWissBoot: Load assets · 267 / 270
09-25 11:05:38.470 11317 11317 I SuperWissBoot: Load assets · 268 / 270
09-25 11:05:38.470 11317 11317 I SuperWissBoot: Load assets · 269 / 270
09-25 11:05:38.470 11317 11317 I SuperWissBoot: Load assets · 270 / 270
09-25 11:05:38.470 11317 11317 I SuperWissBoot: Initialize save
09-25 11:05:38.470 11317 11317 I SuperWissBoot: Initialize audio
09-25 11:05:38.470 11317 11317 I SuperWissBoot: Initialize game
09-25 11:05:38.471 11317 11317 I SuperWissBoot: Home screen
09-25 11:06:06.590 13704 13704 I SuperWissBoot: Boot
09-25 11:06:06.591 13704 13704 I SuperWissBoot: Load config
09-25 11:06:06.591 13704 13704 I SuperWissBoot: Load assets
09-25 11:06:06.591 13704 13704 I SuperWissBoot: Load assets · 1 / 270
09-25 11:06:06.591 13704 13704 I SuperWissBoot: Load assets · 2 / 270
09-25 11:06:06.591 13704 13704 I SuperWissBoot: Load assets · 3 / 270
09-25 11:06:06.591 13704 13704 I SuperWissBoot: Load assets · 4 / 270
09-25 11:06:06.591 13704 13704 I SuperWissBoot: Load assets · 5 / 270
09-25 11:06:06.591 13704 13704 I SuperWissBoot: Load assets · 6 / 270
09-25 11:06:06.591 13704 13704 I SuperWissBoot: Load assets · 7 / 270
09-25 11:06:06.591 13704 13704 I SuperWissBoot: Load assets · 8 / 270
09-25 11:06:06.591 13704 13704 I SuperWissBoot: Load assets · 9 / 270
09-25 11:06:06.591 13704 13704 I SuperWissBoot: Load assets · 10 / 270
09-25 11:06:06.591 13704 13704 I SuperWissBoot: Load assets · 11 / 270
09-25 11:06:06.591 13704 13704 I SuperWissBoot: Load assets · 12 / 270
09-25 11:06:06.591 13704 13704 I SuperWissBoot: Load assets · 13 / 270
09-25 11:06:06.591 13704 13704 I SuperWissBoot: Load assets · 14 / 270
09-25 11:06:06.591 13704 13704 I SuperWissBoot: Load assets · 15 / 270
09-25 11:06:06.591 13704 13704 I SuperWissBoot: Load assets · 16 / 270
09-25 11:06:06.591 13704 13704 I SuperWissBoot: Load assets · 17 / 270
09-25 11:06:06.591 13704 13704 I SuperWissBoot: Load assets · 18 / 270
09-25 11:06:06.591 13704 13704 I SuperWissBoot: Load assets · 19 / 270
09-25 11:06:06.591 13704 13704 I SuperWissBoot: Load assets · 20 / 270
09-25 11:06:06.591 13704 13704 I SuperWissBoot: Load assets · 21 / 270
09-25 11:06:06.592 13704 13704 I SuperWissBoot: Load assets · 22 / 270
09-25 11:06:06.592 13704 13704 I SuperWissBoot: Load assets · 23 / 270
09-25 11:06:06.592 13704 13704 I SuperWissBoot: Load assets · 24 / 270
09-25 11:06:06.592 13704 13704 I SuperWissBoot: Load assets · 25 / 270
09-25 11:06:06.592 13704 13704 I SuperWissBoot: Load assets · 26 / 270
09-25 11:06:06.592 13704 13704 I SuperWissBoot: Load assets · 27 / 270
09-25 11:06:06.592 13704 13704 I SuperWissBoot: Load assets · 28 / 270
09-25 11:06:06.592 13704 13704 I SuperWissBoot: Load assets · 29 / 270
09-25 11:06:06.592 13704 13704 I SuperWissBoot: Load assets · 30 / 270
09-25 11:06:06.592 13704 13704 I SuperWissBoot: Load assets · 31 / 270
09-25 11:06:06.592 13704 13704 I SuperWissBoot: Load assets · 32 / 270
09-25 11:06:06.592 13704 13704 I SuperWissBoot: Load assets · 33 / 270
09-25 11:06:06.592 13704 13704 I SuperWissBoot: Load assets · 34 / 270
09-25 11:06:06.592 13704 13704 I SuperWissBoot: Load assets · 35 / 270
09-25 11:06:06.592 13704 13704 I SuperWissBoot: Load assets · 36 / 270
09-25 11:06:06.592 13704 13704 I SuperWissBoot: Load assets · 37 / 270
09-25 11:06:06.601 13704 13704 I SuperWissBoot: Load assets · 38 / 270
09-25 11:06:06.602 13704 13704 I SuperWissBoot: Load assets · 39 / 270
09-25 11:06:06.662 13704 13704 I SuperWissBoot: Load assets · 40 / 270
09-25 11:06:06.759 13704 13704 I SuperWissBoot: Load assets · 41 / 270
09-25 11:06:07.014 13704 13704 I SuperWissBoot: Load assets · 42 / 270
09-25 11:06:07.014 13704 13704 I SuperWissBoot: Load assets · 43 / 270
09-25 11:06:07.014 13704 13704 I SuperWissBoot: Load assets · 44 / 270
09-25 11:06:07.014 13704 13704 I SuperWissBoot: Load assets · 45 / 270
09-25 11:06:07.022 13704 13704 I SuperWissBoot: Load assets · 46 / 270
09-25 11:06:07.305 13704 13704 I SuperWissBoot: Load assets · 47 / 270
09-25 11:06:11.057 13704 13704 I SuperWissBoot: Load assets · 48 / 270
09-25 11:06:11.059 13704 13704 I SuperWissBoot: Load assets · 49 / 270
09-25 11:06:11.161 13704 13704 I SuperWissBoot: Load assets · 50 / 270
09-25 11:06:11.162 13704 13704 I SuperWissBoot: Load assets · 51 / 270
09-25 11:06:11.162 13704 13704 I SuperWissBoot: Load assets · 52 / 270
09-25 11:06:11.163 13704 13704 I SuperWissBoot: Load assets · 53 / 270
09-25 11:06:11.163 13704 13704 I SuperWissBoot: Load assets · 54 / 270
09-25 11:06:11.163 13704 13704 I SuperWissBoot: Load assets · 55 / 270
09-25 11:06:11.164 13704 13704 I SuperWissBoot: Load assets · 56 / 270
09-25 11:06:11.165 13704 13704 I SuperWissBoot: Load assets · 57 / 270
09-25 11:06:11.165 13704 13704 I SuperWissBoot: Load assets · 58 / 270
09-25 11:06:11.166 13704 13704 I SuperWissBoot: Load assets · 59 / 270
09-25 11:06:11.166 13704 13704 I SuperWissBoot: Load assets · 60 / 270
09-25 11:06:11.166 13704 13704 I SuperWissBoot: Load assets · 61 / 270
09-25 11:06:11.166 13704 13704 I SuperWissBoot: Load assets · 62 / 270
09-25 11:06:11.166 13704 13704 I SuperWissBoot: Load assets · 63 / 270
09-25 11:06:11.167 13704 13704 I SuperWissBoot: Load assets · 64 / 270
09-25 11:06:11.167 13704 13704 I SuperWissBoot: Load assets · 65 / 270
09-25 11:06:11.174 13704 13704 I SuperWissBoot: Load assets · 66 / 270
09-25 11:06:11.174 13704 13704 I SuperWissBoot: Load assets · 67 / 270
09-25 11:06:11.175 13704 13704 I SuperWissBoot: Load assets · 68 / 270
09-25 11:06:11.175 13704 13704 I SuperWissBoot: Load assets · 69 / 270
09-25 11:06:11.175 13704 13704 I SuperWissBoot: Load assets · 70 / 270
09-25 11:06:11.175 13704 13704 I SuperWissBoot: Load assets · 71 / 270
09-25 11:06:11.175 13704 13704 I SuperWissBoot: Load assets · 72 / 270
09-25 11:06:11.175 13704 13704 I SuperWissBoot: Load assets · 73 / 270
09-25 11:06:11.175 13704 13704 I SuperWissBoot: Load assets · 74 / 270
09-25 11:06:11.175 13704 13704 I SuperWissBoot: Load assets · 75 / 270
09-25 11:06:11.175 13704 13704 I SuperWissBoot: Load assets · 76 / 270
09-25 11:06:11.175 13704 13704 I SuperWissBoot: Load assets · 77 / 270
09-25 11:06:11.175 13704 13704 I SuperWissBoot: Load assets · 78 / 270
09-25 11:06:11.175 13704 13704 I SuperWissBoot: Load assets · 79 / 270
09-25 11:06:11.176 13704 13704 I SuperWissBoot: Load assets · 80 / 270
09-25 11:06:11.176 13704 13704 I SuperWissBoot: Load assets · 81 / 270
09-25 11:06:11.176 13704 13704 I SuperWissBoot: Load assets · 82 / 270
09-25 11:06:11.176 13704 13704 I SuperWissBoot: Load assets · 83 / 270
09-25 11:06:11.176 13704 13704 I SuperWissBoot: Load assets · 84 / 270
09-25 11:06:11.176 13704 13704 I SuperWissBoot: Load assets · 85 / 270
09-25 11:06:11.176 13704 13704 I SuperWissBoot: Load assets · 86 / 270
09-25 11:06:11.176 13704 13704 I SuperWissBoot: Load assets · 87 / 270
09-25 11:06:11.176 13704 13704 I SuperWissBoot: Load assets · 88 / 270
09-25 11:06:11.176 13704 13704 I SuperWissBoot: Load assets · 89 / 270
09-25 11:06:11.176 13704 13704 I SuperWissBoot: Load assets · 90 / 270
09-25 11:06:11.176 13704 13704 I SuperWissBoot: Load assets · 91 / 270
09-25 11:06:11.176 13704 13704 I SuperWissBoot: Load assets · 92 / 270
09-25 11:06:11.176 13704 13704 I SuperWissBoot: Load assets · 93 / 270
09-25 11:06:11.176 13704 13704 I SuperWissBoot: Load assets · 94 / 270
09-25 11:06:11.176 13704 13704 I SuperWissBoot: Load assets · 95 / 270
09-25 11:06:11.176 13704 13704 I SuperWissBoot: Load assets · 96 / 270
09-25 11:06:11.180 13704 13704 I SuperWissBoot: Load assets · 97 / 270
09-25 11:06:11.184 13704 13704 I SuperWissBoot: Load assets · 98 / 270
09-25 11:06:11.187 13704 13704 I SuperWissBoot: Load assets · 99 / 270
09-25 11:06:11.188 13704 13704 I SuperWissBoot: Load assets · 100 / 270
09-25 11:06:11.188 13704 13704 I SuperWissBoot: Load assets · 101 / 270
09-25 11:06:11.188 13704 13704 I SuperWissBoot: Load assets · 102 / 270
09-25 11:06:11.188 13704 13704 I SuperWissBoot: Load assets · 103 / 270
09-25 11:06:11.188 13704 13704 I SuperWissBoot: Load assets · 104 / 270
09-25 11:06:11.190 13704 13704 I SuperWissBoot: Load assets · 105 / 270
09-25 11:06:11.191 13704 13704 I SuperWissBoot: Load assets · 106 / 270
09-25 11:06:11.191 13704 13704 I SuperWissBoot: Load assets · 107 / 270
09-25 11:06:11.192 13704 13704 I SuperWissBoot: Load assets · 108 / 270
09-25 11:06:11.192 13704 13704 I SuperWissBoot: Load assets · 109 / 270
09-25 11:06:11.192 13704 13704 I SuperWissBoot: Load assets · 110 / 270
09-25 11:06:11.192 13704 13704 I SuperWissBoot: Load assets · 111 / 270
09-25 11:06:11.192 13704 13704 I SuperWissBoot: Load assets · 112 / 270
09-25 11:06:11.193 13704 13704 I SuperWissBoot: Load assets · 113 / 270
09-25 11:06:11.193 13704 13704 I SuperWissBoot: Load assets · 114 / 270
09-25 11:06:11.193 13704 13704 I SuperWissBoot: Load assets · 115 / 270
09-25 11:06:11.193 13704 13704 I SuperWissBoot: Load assets · 116 / 270
09-25 11:06:11.193 13704 13704 I SuperWissBoot: Load assets · 117 / 270
09-25 11:06:11.193 13704 13704 I SuperWissBoot: Load assets · 118 / 270
09-25 11:06:11.193 13704 13704 I SuperWissBoot: Load assets · 119 / 270
09-25 11:06:11.194 13704 13704 I SuperWissBoot: Load assets · 120 / 270
09-25 11:06:11.194 13704 13704 I SuperWissBoot: Load assets · 121 / 270
09-25 11:06:11.194 13704 13704 I SuperWissBoot: Load assets · 122 / 270
09-25 11:06:11.194 13704 13704 I SuperWissBoot: Load assets · 123 / 270
09-25 11:06:11.194 13704 13704 I SuperWissBoot: Load assets · 124 / 270
09-25 11:06:11.194 13704 13704 I SuperWissBoot: Load assets · 125 / 270
09-25 11:06:11.194 13704 13704 I SuperWissBoot: Load assets · 126 / 270
09-25 11:06:11.195 13704 13704 I SuperWissBoot: Load assets · 127 / 270
09-25 11:06:11.195 13704 13704 I SuperWissBoot: Load assets · 128 / 270
09-25 11:06:11.195 13704 13704 I SuperWissBoot: Load assets · 129 / 270
09-25 11:06:11.195 13704 13704 I SuperWissBoot: Load assets · 130 / 270
09-25 11:06:11.195 13704 13704 I SuperWissBoot: Load assets · 131 / 270
09-25 11:06:11.195 13704 13704 I SuperWissBoot: Load assets · 132 / 270
09-25 11:06:11.195 13704 13704 I SuperWissBoot: Load assets · 133 / 270
09-25 11:06:11.195 13704 13704 I SuperWissBoot: Load assets · 134 / 270
09-25 11:06:11.195 13704 13704 I SuperWissBoot: Load assets · 135 / 270
09-25 11:06:11.195 13704 13704 I SuperWissBoot: Load assets · 136 / 270
09-25 11:06:11.195 13704 13704 I SuperWissBoot: Load assets · 137 / 270
09-25 11:06:11.196 13704 13704 I SuperWissBoot: Load assets · 138 / 270
09-25 11:06:11.196 13704 13704 I SuperWissBoot: Load assets · 139 / 270
09-25 11:06:11.196 13704 13704 I SuperWissBoot: Load assets · 140 / 270
09-25 11:06:11.196 13704 13704 I SuperWissBoot: Load assets · 141 / 270
09-25 11:06:11.197 13704 13704 I SuperWissBoot: Load assets · 142 / 270
09-25 11:06:11.197 13704 13704 I SuperWissBoot: Load assets · 143 / 270
09-25 11:06:11.197 13704 13704 I SuperWissBoot: Load assets · 144 / 270
09-25 11:06:11.197 13704 13704 I SuperWissBoot: Load assets · 145 / 270
09-25 11:06:11.197 13704 13704 I SuperWissBoot: Load assets · 146 / 270
09-25 11:06:11.197 13704 13704 I SuperWissBoot: Load assets · 147 / 270
09-25 11:06:11.197 13704 13704 I SuperWissBoot: Load assets · 148 / 270
09-25 11:06:11.197 13704 13704 I SuperWissBoot: Load assets · 149 / 270
09-25 11:06:11.197 13704 13704 I SuperWissBoot: Load assets · 150 / 270
09-25 11:06:11.198 13704 13704 I SuperWissBoot: Load assets · 151 / 270
09-25 11:06:11.198 13704 13704 I SuperWissBoot: Load assets · 152 / 270
09-25 11:06:11.198 13704 13704 I SuperWissBoot: Load assets · 153 / 270
09-25 11:06:11.198 13704 13704 I SuperWissBoot: Load assets · 154 / 270
09-25 11:06:11.198 13704 13704 I SuperWissBoot: Load assets · 155 / 270
09-25 11:06:11.198 13704 13704 I SuperWissBoot: Load assets · 156 / 270
09-25 11:06:11.198 13704 13704 I SuperWissBoot: Load assets · 157 / 270
09-25 11:06:11.198 13704 13704 I SuperWissBoot: Load assets · 158 / 270
09-25 11:06:11.198 13704 13704 I SuperWissBoot: Load assets · 159 / 270
09-25 11:06:11.198 13704 13704 I SuperWissBoot: Load assets · 160 / 270
09-25 11:06:11.199 13704 13704 I SuperWissBoot: Load assets · 161 / 270
09-25 11:06:11.199 13704 13704 I SuperWissBoot: Load assets · 162 / 270
09-25 11:06:11.199 13704 13704 I SuperWissBoot: Load assets · 163 / 270
09-25 11:06:11.199 13704 13704 I SuperWissBoot: Load assets · 164 / 270
09-25 11:06:11.199 13704 13704 I SuperWissBoot: Load assets · 165 / 270
09-25 11:06:11.199 13704 13704 I SuperWissBoot: Load assets · 166 / 270
09-25 11:06:11.199 13704 13704 I SuperWissBoot: Load assets · 167 / 270
09-25 11:06:11.199 13704 13704 I SuperWissBoot: Load assets · 168 / 270
09-25 11:06:11.199 13704 13704 I SuperWissBoot: Load assets · 169 / 270
09-25 11:06:11.199 13704 13704 I SuperWissBoot: Load assets · 170 / 270
09-25 11:06:11.199 13704 13704 I SuperWissBoot: Load assets · 171 / 270
09-25 11:06:11.199 13704 13704 I SuperWissBoot: Load assets · 172 / 270
09-25 11:06:11.199 13704 13704 I SuperWissBoot: Load assets · 173 / 270
09-25 11:06:11.199 13704 13704 I SuperWissBoot: Load assets · 174 / 270
09-25 11:06:11.199 13704 13704 I SuperWissBoot: Load assets · 175 / 270
09-25 11:06:11.199 13704 13704 I SuperWissBoot: Load assets · 176 / 270
09-25 11:06:11.199 13704 13704 I SuperWissBoot: Load assets · 177 / 270
09-25 11:06:11.199 13704 13704 I SuperWissBoot: Load assets · 178 / 270
09-25 11:06:11.199 13704 13704 I SuperWissBoot: Load assets · 179 / 270
09-25 11:06:11.200 13704 13704 I SuperWissBoot: Load assets · 180 / 270
09-25 11:06:11.200 13704 13704 I SuperWissBoot: Load assets · 181 / 270
09-25 11:06:11.200 13704 13704 I SuperWissBoot: Load assets · 182 / 270
09-25 11:06:11.200 13704 13704 I SuperWissBoot: Load assets · 183 / 270
09-25 11:06:11.200 13704 13704 I SuperWissBoot: Load assets · 184 / 270
09-25 11:06:11.200 13704 13704 I SuperWissBoot: Load assets · 185 / 270
09-25 11:06:11.200 13704 13704 I SuperWissBoot: Load assets · 186 / 270
09-25 11:06:11.200 13704 13704 I SuperWissBoot: Load assets · 187 / 270
09-25 11:06:11.200 13704 13704 I SuperWissBoot: Load assets · 188 / 270
09-25 11:06:11.200 13704 13704 I SuperWissBoot: Load assets · 189 / 270
09-25 11:06:11.200 13704 13704 I SuperWissBoot: Load assets · 190 / 270
09-25 11:06:11.200 13704 13704 I SuperWissBoot: Load assets · 191 / 270
09-25 11:06:11.200 13704 13704 I SuperWissBoot: Load assets · 192 / 270
09-25 11:06:11.200 13704 13704 I SuperWissBoot: Load assets · 193 / 270
09-25 11:06:11.200 13704 13704 I SuperWissBoot: Load assets · 194 / 270
09-25 11:06:11.200 13704 13704 I SuperWissBoot: Load assets · 195 / 270
09-25 11:06:11.200 13704 13704 I SuperWissBoot: Load assets · 196 / 270
09-25 11:06:11.200 13704 13704 I SuperWissBoot: Load assets · 197 / 270
09-25 11:06:11.200 13704 13704 I SuperWissBoot: Load assets · 198 / 270
09-25 11:06:11.200 13704 13704 I SuperWissBoot: Load assets · 199 / 270
09-25 11:06:11.200 13704 13704 I SuperWissBoot: Load assets · 200 / 270
09-25 11:06:11.200 13704 13704 I SuperWissBoot: Load assets · 201 / 270
09-25 11:06:11.200 13704 13704 I SuperWissBoot: Load assets · 202 / 270
09-25 11:06:11.200 13704 13704 I SuperWissBoot: Load assets · 203 / 270
09-25 11:06:11.200 13704 13704 I SuperWissBoot: Load assets · 204 / 270
09-25 11:06:11.200 13704 13704 I SuperWissBoot: Load assets · 205 / 270
09-25 11:06:11.200 13704 13704 I SuperWissBoot: Load assets · 206 / 270
09-25 11:06:11.200 13704 13704 I SuperWissBoot: Load assets · 207 / 270
09-25 11:06:11.200 13704 13704 I SuperWissBoot: Load assets · 208 / 270
09-25 11:06:11.201 13704 13704 I SuperWissBoot: Load assets · 209 / 270
09-25 11:06:11.201 13704 13704 I SuperWissBoot: Load assets · 210 / 270
09-25 11:06:11.201 13704 13704 I SuperWissBoot: Load assets · 211 / 270
09-25 11:06:11.201 13704 13704 I SuperWissBoot: Load assets · 212 / 270
09-25 11:06:11.201 13704 13704 I SuperWissBoot: Load assets · 213 / 270
09-25 11:06:11.201 13704 13704 I SuperWissBoot: Load assets · 214 / 270
09-25 11:06:11.201 13704 13704 I SuperWissBoot: Load assets · 215 / 270
09-25 11:06:11.201 13704 13704 I SuperWissBoot: Load assets · 216 / 270
09-25 11:06:11.201 13704 13704 I SuperWissBoot: Load assets · 217 / 270
09-25 11:06:11.201 13704 13704 I SuperWissBoot: Load assets · 218 / 270
09-25 11:06:11.203 13704 13704 I SuperWissBoot: Load assets · 219 / 270
09-25 11:06:11.203 13704 13704 I SuperWissBoot: Load assets · 220 / 270
09-25 11:06:11.203 13704 13704 I SuperWissBoot: Load assets · 221 / 270
09-25 11:06:11.203 13704 13704 I SuperWissBoot: Load assets · 222 / 270
09-25 11:06:11.203 13704 13704 I SuperWissBoot: Load assets · 223 / 270
09-25 11:06:11.203 13704 13704 I SuperWissBoot: Load assets · 224 / 270
09-25 11:06:11.203 13704 13704 I SuperWissBoot: Load assets · 225 / 270
09-25 11:06:11.203 13704 13704 I SuperWissBoot: Load assets · 226 / 270
09-25 11:06:11.203 13704 13704 I SuperWissBoot: Load assets · 227 / 270
09-25 11:06:11.203 13704 13704 I SuperWissBoot: Load assets · 228 / 270
09-25 11:06:11.203 13704 13704 I SuperWissBoot: Load assets · 229 / 270
09-25 11:06:11.203 13704 13704 I SuperWissBoot: Load assets · 230 / 270
09-25 11:06:11.203 13704 13704 I SuperWissBoot: Load assets · 231 / 270
09-25 11:06:11.203 13704 13704 I SuperWissBoot: Load assets · 232 / 270
09-25 11:06:11.203 13704 13704 I SuperWissBoot: Load assets · 233 / 270
09-25 11:06:11.203 13704 13704 I SuperWissBoot: Load assets · 234 / 270
09-25 11:06:11.203 13704 13704 I SuperWissBoot: Load assets · 235 / 270
09-25 11:06:11.203 13704 13704 I SuperWissBoot: Load assets · 236 / 270
09-25 11:06:11.203 13704 13704 I SuperWissBoot: Load assets · 237 / 270
09-25 11:06:11.203 13704 13704 I SuperWissBoot: Load assets · 238 / 270
09-25 11:06:11.203 13704 13704 I SuperWissBoot: Load assets · 239 / 270
09-25 11:06:11.203 13704 13704 I SuperWissBoot: Load assets · 240 / 270
09-25 11:06:11.204 13704 13704 I SuperWissBoot: Load assets · 241 / 270
09-25 11:06:11.204 13704 13704 I SuperWissBoot: Load assets · 242 / 270
09-25 11:06:11.204 13704 13704 I SuperWissBoot: Load assets · 243 / 270
09-25 11:06:11.204 13704 13704 I SuperWissBoot: Load assets · 244 / 270
09-25 11:06:11.204 13704 13704 I SuperWissBoot: Load assets · 245 / 270
09-25 11:06:11.204 13704 13704 I SuperWissBoot: Load assets · 246 / 270
09-25 11:06:11.204 13704 13704 I SuperWissBoot: Load assets · 247 / 270
09-25 11:06:11.204 13704 13704 I SuperWissBoot: Load assets · 248 / 270
09-25 11:06:11.205 13704 13704 I SuperWissBoot: Load assets · 249 / 270
09-25 11:06:11.206 13704 13704 I SuperWissBoot: Load assets · 250 / 270
09-25 11:06:11.206 13704 13704 I SuperWissBoot: Load assets · 251 / 270
09-25 11:06:11.206 13704 13704 I SuperWissBoot: Load assets · 252 / 270
09-25 11:06:11.206 13704 13704 I SuperWissBoot: Load assets · 253 / 270
09-25 11:06:11.206 13704 13704 I SuperWissBoot: Load assets · 254 / 270
09-25 11:06:11.206 13704 13704 I SuperWissBoot: Load assets · 255 / 270
09-25 11:06:11.207 13704 13704 I SuperWissBoot: Load assets · 256 / 270
09-25 11:06:11.207 13704 13704 I SuperWissBoot: Load assets · 257 / 270
09-25 11:06:11.207 13704 13704 I SuperWissBoot: Load assets · 258 / 270
09-25 11:06:11.207 13704 13704 I SuperWissBoot: Load assets · 259 / 270
09-25 11:06:11.207 13704 13704 I SuperWissBoot: Load assets · 260 / 270
09-25 11:06:11.207 13704 13704 I SuperWissBoot: Load assets · 261 / 270
09-25 11:06:11.207 13704 13704 I SuperWissBoot: Load assets · 262 / 270
09-25 11:06:11.207 13704 13704 I SuperWissBoot: Load assets · 263 / 270
09-25 11:06:11.208 13704 13704 I SuperWissBoot: Load assets · 264 / 270
09-25 11:06:11.208 13704 13704 I SuperWissBoot: Load assets · 265 / 270
09-25 11:06:11.208 13704 13704 I SuperWissBoot: Load assets · 266 / 270
09-25 11:06:11.211 13704 13704 I SuperWissBoot: Load assets · 267 / 270
09-25 11:06:11.211 13704 13704 I SuperWissBoot: Load assets · 268 / 270
09-25 11:06:11.211 13704 13704 I SuperWissBoot: Load assets · 269 / 270
09-25 11:06:11.211 13704 13704 I SuperWissBoot: Load assets · 270 / 270
09-25 11:06:11.211 13704 13704 I SuperWissBoot: Initialize save
09-25 11:06:11.211 13704 13704 I SuperWissBoot: Initialize audio
09-25 11:06:11.211 13704 13704 I SuperWissBoot: Initialize game
09-25 11:06:11.257 13704 13704 I SuperWissBoot: Home screen
09-25 11:11:37.115 16836 16836 I SuperWissBoot: Boot
09-25 11:11:37.116 16836 16836 I SuperWissBoot: Load config
09-25 11:11:37.116 16836 16836 I SuperWissBoot: Load assets
09-25 11:11:37.117 16836 16836 I SuperWissBoot: Load assets · 1 / 270
09-25 11:11:37.117 16836 16836 I SuperWissBoot: Load assets · 2 / 270
09-25 11:11:37.117 16836 16836 I SuperWissBoot: Load assets · 3 / 270
09-25 11:11:37.117 16836 16836 I SuperWissBoot: Load assets · 4 / 270
09-25 11:11:37.117 16836 16836 I SuperWissBoot: Load assets · 5 / 270
09-25 11:11:37.117 16836 16836 I SuperWissBoot: Load assets · 6 / 270
09-25 11:11:37.117 16836 16836 I SuperWissBoot: Load assets · 7 / 270
09-25 11:11:37.124 16836 16836 I SuperWissBoot: Load assets · 8 / 270
09-25 11:11:37.124 16836 16836 I SuperWissBoot: Load assets · 9 / 270
09-25 11:11:37.124 16836 16836 I SuperWissBoot: Load assets · 10 / 270
09-25 11:11:37.124 16836 16836 I SuperWissBoot: Load assets · 11 / 270
09-25 11:11:37.124 16836 16836 I SuperWissBoot: Load assets · 12 / 270
09-25 11:11:37.124 16836 16836 I SuperWissBoot: Load assets · 13 / 270
09-25 11:11:37.125 16836 16836 I SuperWissBoot: Load assets · 14 / 270
09-25 11:11:37.125 16836 16836 I SuperWissBoot: Load assets · 15 / 270
09-25 11:11:37.125 16836 16836 I SuperWissBoot: Load assets · 16 / 270
09-25 11:11:37.125 16836 16836 I SuperWissBoot: Load assets · 17 / 270
09-25 11:11:37.125 16836 16836 I SuperWissBoot: Load assets · 18 / 270
09-25 11:11:37.125 16836 16836 I SuperWissBoot: Load assets · 19 / 270
09-25 11:11:37.125 16836 16836 I SuperWissBoot: Load assets · 20 / 270
09-25 11:11:37.125 16836 16836 I SuperWissBoot: Load assets · 21 / 270
09-25 11:11:37.125 16836 16836 I SuperWissBoot: Load assets · 22 / 270
09-25 11:11:37.125 16836 16836 I SuperWissBoot: Load assets · 23 / 270
09-25 11:11:37.125 16836 16836 I SuperWissBoot: Load assets · 24 / 270
09-25 11:11:37.125 16836 16836 I SuperWissBoot: Load assets · 25 / 270
09-25 11:11:37.125 16836 16836 I SuperWissBoot: Load assets · 26 / 270
09-25 11:11:37.125 16836 16836 I SuperWissBoot: Load assets · 27 / 270
09-25 11:11:37.126 16836 16836 I SuperWissBoot: Load assets · 28 / 270
09-25 11:11:37.126 16836 16836 I SuperWissBoot: Load assets · 29 / 270
09-25 11:11:37.126 16836 16836 I SuperWissBoot: Load assets · 30 / 270
09-25 11:11:37.135 16836 16836 I SuperWissBoot: Load assets · 31 / 270
09-25 11:11:37.136 16836 16836 I SuperWissBoot: Load assets · 32 / 270
09-25 11:11:37.136 16836 16836 I SuperWissBoot: Load assets · 33 / 270
09-25 11:11:37.136 16836 16836 I SuperWissBoot: Load assets · 34 / 270
09-25 11:11:37.136 16836 16836 I SuperWissBoot: Load assets · 35 / 270
09-25 11:11:37.136 16836 16836 I SuperWissBoot: Load assets · 36 / 270
09-25 11:11:37.149 16836 16836 I SuperWissBoot: Load assets · 37 / 270
09-25 11:11:37.224 16836 16836 I SuperWissBoot: Load assets · 38 / 270
09-25 11:11:37.494 16836 16836 I SuperWissBoot: Load assets · 39 / 270
09-25 11:11:37.494 16836 16836 I SuperWissBoot: Load assets · 40 / 270
09-25 11:11:37.519 16836 16836 I SuperWissBoot: Load assets · 41 / 270
09-25 11:11:37.519 16836 16836 I SuperWissBoot: Load assets · 42 / 270
09-25 11:11:37.541 16836 16836 I SuperWissBoot: Load assets · 43 / 270
09-25 11:11:37.591 16836 16836 I SuperWissBoot: Load assets · 44 / 270
09-25 11:11:41.614 16836 16836 I SuperWissBoot: Load assets · 45 / 270
09-25 11:11:41.625 16836 16836 I SuperWissBoot: Load assets · 46 / 270
09-25 11:11:41.627 16836 16836 I SuperWissBoot: Load assets · 47 / 270
09-25 11:11:41.628 16836 16836 I SuperWissBoot: Load assets · 48 / 270
09-25 11:11:41.628 16836 16836 I SuperWissBoot: Load assets · 49 / 270
09-25 11:11:41.629 16836 16836 I SuperWissBoot: Load assets · 50 / 270
09-25 11:11:41.636 16836 16836 I SuperWissBoot: Load assets · 51 / 270
09-25 11:11:41.637 16836 16836 I SuperWissBoot: Load assets · 52 / 270
09-25 11:11:41.640 16836 16836 I SuperWissBoot: Load assets · 53 / 270
09-25 11:11:41.640 16836 16836 I SuperWissBoot: Load assets · 54 / 270
09-25 11:11:41.640 16836 16836 I SuperWissBoot: Load assets · 55 / 270
09-25 11:11:41.641 16836 16836 I SuperWissBoot: Load assets · 56 / 270
09-25 11:11:41.641 16836 16836 I SuperWissBoot: Load assets · 57 / 270
09-25 11:11:41.641 16836 16836 I SuperWissBoot: Load assets · 58 / 270
09-25 11:11:41.644 16836 16836 I SuperWissBoot: Load assets · 59 / 270
09-25 11:11:41.645 16836 16836 I SuperWissBoot: Load assets · 60 / 270
09-25 11:11:41.645 16836 16836 I SuperWissBoot: Load assets · 61 / 270
09-25 11:11:41.645 16836 16836 I SuperWissBoot: Load assets · 62 / 270
09-25 11:11:41.645 16836 16836 I SuperWissBoot: Load assets · 63 / 270
09-25 11:11:41.645 16836 16836 I SuperWissBoot: Load assets · 64 / 270
09-25 11:11:41.646 16836 16836 I SuperWissBoot: Load assets · 65 / 270
09-25 11:11:41.648 16836 16836 I SuperWissBoot: Load assets · 66 / 270
09-25 11:11:41.648 16836 16836 I SuperWissBoot: Load assets · 67 / 270
09-25 11:11:41.648 16836 16836 I SuperWissBoot: Load assets · 68 / 270
09-25 11:11:41.649 16836 16836 I SuperWissBoot: Load assets · 69 / 270
09-25 11:11:41.649 16836 16836 I SuperWissBoot: Load assets · 70 / 270
09-25 11:11:41.649 16836 16836 I SuperWissBoot: Load assets · 71 / 270
09-25 11:11:41.649 16836 16836 I SuperWissBoot: Load assets · 72 / 270
09-25 11:11:41.650 16836 16836 I SuperWissBoot: Load assets · 73 / 270
09-25 11:11:41.650 16836 16836 I SuperWissBoot: Load assets · 74 / 270
09-25 11:11:41.650 16836 16836 I SuperWissBoot: Load assets · 75 / 270
09-25 11:11:41.650 16836 16836 I SuperWissBoot: Load assets · 76 / 270
09-25 11:11:41.650 16836 16836 I SuperWissBoot: Load assets · 77 / 270
09-25 11:11:41.650 16836 16836 I SuperWissBoot: Load assets · 78 / 270
09-25 11:11:41.651 16836 16836 I SuperWissBoot: Load assets · 79 / 270
09-25 11:11:41.651 16836 16836 I SuperWissBoot: Load assets · 80 / 270
09-25 11:11:41.651 16836 16836 I SuperWissBoot: Load assets · 81 / 270
09-25 11:11:41.651 16836 16836 I SuperWissBoot: Load assets · 82 / 270
09-25 11:11:41.652 16836 16836 I SuperWissBoot: Load assets · 83 / 270
09-25 11:11:41.655 16836 16836 I SuperWissBoot: Load assets · 84 / 270
09-25 11:11:41.655 16836 16836 I SuperWissBoot: Load assets · 85 / 270
09-25 11:11:41.655 16836 16836 I SuperWissBoot: Load assets · 86 / 270
09-25 11:11:41.655 16836 16836 I SuperWissBoot: Load assets · 87 / 270
09-25 11:11:41.656 16836 16836 I SuperWissBoot: Load assets · 88 / 270
09-25 11:11:41.656 16836 16836 I SuperWissBoot: Load assets · 89 / 270
09-25 11:11:41.657 16836 16836 I SuperWissBoot: Load assets · 90 / 270
09-25 11:11:41.660 16836 16836 I SuperWissBoot: Load assets · 91 / 270
09-25 11:11:41.660 16836 16836 I SuperWissBoot: Load assets · 92 / 270
09-25 11:11:41.664 16836 16836 I SuperWissBoot: Load assets · 93 / 270
09-25 11:11:41.664 16836 16836 I SuperWissBoot: Load assets · 94 / 270
09-25 11:11:41.664 16836 16836 I SuperWissBoot: Load assets · 95 / 270
09-25 11:11:41.664 16836 16836 I SuperWissBoot: Load assets · 96 / 270
09-25 11:11:41.664 16836 16836 I SuperWissBoot: Load assets · 97 / 270
09-25 11:11:41.664 16836 16836 I SuperWissBoot: Load assets · 98 / 270
09-25 11:11:41.664 16836 16836 I SuperWissBoot: Load assets · 99 / 270
09-25 11:11:41.664 16836 16836 I SuperWissBoot: Load assets · 100 / 270
09-25 11:11:41.664 16836 16836 I SuperWissBoot: Load assets · 101 / 270
09-25 11:11:41.664 16836 16836 I SuperWissBoot: Load assets · 102 / 270
09-25 11:11:41.664 16836 16836 I SuperWissBoot: Load assets · 103 / 270
09-25 11:11:41.664 16836 16836 I SuperWissBoot: Load assets · 104 / 270
09-25 11:11:41.664 16836 16836 I SuperWissBoot: Load assets · 105 / 270
09-25 11:11:41.664 16836 16836 I SuperWissBoot: Load assets · 106 / 270
09-25 11:11:41.664 16836 16836 I SuperWissBoot: Load assets · 107 / 270
09-25 11:11:41.664 16836 16836 I SuperWissBoot: Load assets · 108 / 270
09-25 11:11:41.665 16836 16836 I SuperWissBoot: Load assets · 109 / 270
09-25 11:11:41.665 16836 16836 I SuperWissBoot: Load assets · 110 / 270
09-25 11:11:41.665 16836 16836 I SuperWissBoot: Load assets · 111 / 270
09-25 11:11:41.665 16836 16836 I SuperWissBoot: Load assets · 112 / 270
09-25 11:11:41.665 16836 16836 I SuperWissBoot: Load assets · 113 / 270
09-25 11:11:41.665 16836 16836 I SuperWissBoot: Load assets · 114 / 270
09-25 11:11:41.665 16836 16836 I SuperWissBoot: Load assets · 115 / 270
09-25 11:11:41.665 16836 16836 I SuperWissBoot: Load assets · 116 / 270
09-25 11:11:41.665 16836 16836 I SuperWissBoot: Load assets · 117 / 270
09-25 11:11:41.665 16836 16836 I SuperWissBoot: Load assets · 118 / 270
09-25 11:11:41.665 16836 16836 I SuperWissBoot: Load assets · 119 / 270
09-25 11:11:41.665 16836 16836 I SuperWissBoot: Load assets · 120 / 270
09-25 11:11:41.665 16836 16836 I SuperWissBoot: Load assets · 121 / 270
09-25 11:11:41.665 16836 16836 I SuperWissBoot: Load assets · 122 / 270
09-25 11:11:41.665 16836 16836 I SuperWissBoot: Load assets · 123 / 270
09-25 11:11:41.665 16836 16836 I SuperWissBoot: Load assets · 124 / 270
09-25 11:11:41.665 16836 16836 I SuperWissBoot: Load assets · 125 / 270
09-25 11:11:41.665 16836 16836 I SuperWissBoot: Load assets · 126 / 270
09-25 11:11:41.665 16836 16836 I SuperWissBoot: Load assets · 127 / 270
09-25 11:11:41.665 16836 16836 I SuperWissBoot: Load assets · 128 / 270
09-25 11:11:41.665 16836 16836 I SuperWissBoot: Load assets · 129 / 270
09-25 11:11:41.665 16836 16836 I SuperWissBoot: Load assets · 130 / 270
09-25 11:11:41.671 16836 16836 I SuperWissBoot: Load assets · 131 / 270
09-25 11:11:41.672 16836 16836 I SuperWissBoot: Load assets · 132 / 270
09-25 11:11:41.672 16836 16836 I SuperWissBoot: Load assets · 133 / 270
09-25 11:11:41.672 16836 16836 I SuperWissBoot: Load assets · 134 / 270
09-25 11:11:41.672 16836 16836 I SuperWissBoot: Load assets · 135 / 270
09-25 11:11:41.672 16836 16836 I SuperWissBoot: Load assets · 136 / 270
09-25 11:11:41.672 16836 16836 I SuperWissBoot: Load assets · 137 / 270
09-25 11:11:41.672 16836 16836 I SuperWissBoot: Load assets · 138 / 270
09-25 11:11:41.672 16836 16836 I SuperWissBoot: Load assets · 139 / 270
09-25 11:11:41.672 16836 16836 I SuperWissBoot: Load assets · 140 / 270
09-25 11:11:41.672 16836 16836 I SuperWissBoot: Load assets · 141 / 270
09-25 11:11:41.672 16836 16836 I SuperWissBoot: Load assets · 142 / 270
09-25 11:11:41.672 16836 16836 I SuperWissBoot: Load assets · 143 / 270
09-25 11:11:41.672 16836 16836 I SuperWissBoot: Load assets · 144 / 270
09-25 11:11:41.672 16836 16836 I SuperWissBoot: Load assets · 145 / 270
09-25 11:11:41.672 16836 16836 I SuperWissBoot: Load assets · 146 / 270
09-25 11:11:41.672 16836 16836 I SuperWissBoot: Load assets · 147 / 270
09-25 11:11:41.672 16836 16836 I SuperWissBoot: Load assets · 148 / 270
09-25 11:11:41.672 16836 16836 I SuperWissBoot: Load assets · 149 / 270
09-25 11:11:41.672 16836 16836 I SuperWissBoot: Load assets · 150 / 270
09-25 11:11:41.672 16836 16836 I SuperWissBoot: Load assets · 151 / 270
09-25 11:11:41.672 16836 16836 I SuperWissBoot: Load assets · 152 / 270
09-25 11:11:41.672 16836 16836 I SuperWissBoot: Load assets · 153 / 270
09-25 11:11:41.673 16836 16836 I SuperWissBoot: Load assets · 154 / 270
09-25 11:11:41.673 16836 16836 I SuperWissBoot: Load assets · 155 / 270
09-25 11:11:41.673 16836 16836 I SuperWissBoot: Load assets · 156 / 270
09-25 11:11:41.673 16836 16836 I SuperWissBoot: Load assets · 157 / 270
09-25 11:11:41.673 16836 16836 I SuperWissBoot: Load assets · 158 / 270
09-25 11:11:41.673 16836 16836 I SuperWissBoot: Load assets · 159 / 270
09-25 11:11:41.673 16836 16836 I SuperWissBoot: Load assets · 160 / 270
09-25 11:11:41.673 16836 16836 I SuperWissBoot: Load assets · 161 / 270
09-25 11:11:41.673 16836 16836 I SuperWissBoot: Load assets · 162 / 270
09-25 11:11:41.673 16836 16836 I SuperWissBoot: Load assets · 163 / 270
09-25 11:11:41.673 16836 16836 I SuperWissBoot: Load assets · 164 / 270
09-25 11:11:41.673 16836 16836 I SuperWissBoot: Load assets · 165 / 270
09-25 11:11:41.673 16836 16836 I SuperWissBoot: Load assets · 166 / 270
09-25 11:11:41.673 16836 16836 I SuperWissBoot: Load assets · 167 / 270
09-25 11:11:41.673 16836 16836 I SuperWissBoot: Load assets · 168 / 270
09-25 11:11:41.673 16836 16836 I SuperWissBoot: Load assets · 169 / 270
09-25 11:11:41.673 16836 16836 I SuperWissBoot: Load assets · 170 / 270
09-25 11:11:41.673 16836 16836 I SuperWissBoot: Load assets · 171 / 270
09-25 11:11:41.673 16836 16836 I SuperWissBoot: Load assets · 172 / 270
09-25 11:11:41.673 16836 16836 I SuperWissBoot: Load assets · 173 / 270
09-25 11:11:41.673 16836 16836 I SuperWissBoot: Load assets · 174 / 270
09-25 11:11:41.674 16836 16836 I SuperWissBoot: Load assets · 175 / 270
09-25 11:11:41.674 16836 16836 I SuperWissBoot: Load assets · 176 / 270
09-25 11:11:41.674 16836 16836 I SuperWissBoot: Load assets · 177 / 270
09-25 11:11:41.674 16836 16836 I SuperWissBoot: Load assets · 178 / 270
09-25 11:11:41.674 16836 16836 I SuperWissBoot: Load assets · 179 / 270
09-25 11:11:41.674 16836 16836 I SuperWissBoot: Load assets · 180 / 270
09-25 11:11:41.674 16836 16836 I SuperWissBoot: Load assets · 181 / 270
09-25 11:11:41.674 16836 16836 I SuperWissBoot: Load assets · 182 / 270
09-25 11:11:41.674 16836 16836 I SuperWissBoot: Load assets · 183 / 270
09-25 11:11:41.674 16836 16836 I SuperWissBoot: Load assets · 184 / 270
09-25 11:11:41.674 16836 16836 I SuperWissBoot: Load assets · 185 / 270
09-25 11:11:41.674 16836 16836 I SuperWissBoot: Load assets · 186 / 270
09-25 11:11:41.674 16836 16836 I SuperWissBoot: Load assets · 187 / 270
09-25 11:11:41.674 16836 16836 I SuperWissBoot: Load assets · 188 / 270
09-25 11:11:41.674 16836 16836 I SuperWissBoot: Load assets · 189 / 270
09-25 11:11:41.674 16836 16836 I SuperWissBoot: Load assets · 190 / 270
09-25 11:11:41.674 16836 16836 I SuperWissBoot: Load assets · 191 / 270
09-25 11:11:41.674 16836 16836 I SuperWissBoot: Load assets · 192 / 270
09-25 11:11:41.674 16836 16836 I SuperWissBoot: Load assets · 193 / 270
09-25 11:11:41.674 16836 16836 I SuperWissBoot: Load assets · 194 / 270
09-25 11:11:41.674 16836 16836 I SuperWissBoot: Load assets · 195 / 270
09-25 11:11:41.674 16836 16836 I SuperWissBoot: Load assets · 196 / 270
09-25 11:11:41.674 16836 16836 I SuperWissBoot: Load assets · 197 / 270
09-25 11:11:41.678 16836 16836 I SuperWissBoot: Load assets · 198 / 270
09-25 11:11:41.679 16836 16836 I SuperWissBoot: Load assets · 199 / 270
09-25 11:11:41.679 16836 16836 I SuperWissBoot: Load assets · 200 / 270
09-25 11:11:41.679 16836 16836 I SuperWissBoot: Load assets · 201 / 270
09-25 11:11:41.679 16836 16836 I SuperWissBoot: Load assets · 202 / 270
09-25 11:11:41.679 16836 16836 I SuperWissBoot: Load assets · 203 / 270
09-25 11:11:41.679 16836 16836 I SuperWissBoot: Load assets · 204 / 270
09-25 11:11:41.679 16836 16836 I SuperWissBoot: Load assets · 205 / 270
09-25 11:11:41.679 16836 16836 I SuperWissBoot: Load assets · 206 / 270
09-25 11:11:41.679 16836 16836 I SuperWissBoot: Load assets · 207 / 270
09-25 11:11:41.679 16836 16836 I SuperWissBoot: Load assets · 208 / 270
09-25 11:11:41.679 16836 16836 I SuperWissBoot: Load assets · 209 / 270
09-25 11:11:41.679 16836 16836 I SuperWissBoot: Load assets · 210 / 270
09-25 11:11:41.679 16836 16836 I SuperWissBoot: Load assets · 211 / 270
09-25 11:11:41.679 16836 16836 I SuperWissBoot: Load assets · 212 / 270
09-25 11:11:41.679 16836 16836 I SuperWissBoot: Load assets · 213 / 270
09-25 11:11:41.679 16836 16836 I SuperWissBoot: Load assets · 214 / 270
09-25 11:11:41.679 16836 16836 I SuperWissBoot: Load assets · 215 / 270
09-25 11:11:41.679 16836 16836 I SuperWissBoot: Load assets · 216 / 270
09-25 11:11:41.679 16836 16836 I SuperWissBoot: Load assets · 217 / 270
09-25 11:11:41.679 16836 16836 I SuperWissBoot: Load assets · 218 / 270
09-25 11:11:41.679 16836 16836 I SuperWissBoot: Load assets · 219 / 270
09-25 11:11:41.680 16836 16836 I SuperWissBoot: Load assets · 220 / 270
09-25 11:11:41.680 16836 16836 I SuperWissBoot: Load assets · 221 / 270
09-25 11:11:41.680 16836 16836 I SuperWissBoot: Load assets · 222 / 270
09-25 11:11:41.705 16836 16836 I SuperWissBoot: Load assets · 223 / 270
09-25 11:11:41.705 16836 16836 I SuperWissBoot: Load assets · 224 / 270
09-25 11:11:41.705 16836 16836 I SuperWissBoot: Load assets · 225 / 270
09-25 11:11:41.705 16836 16836 I SuperWissBoot: Load assets · 226 / 270
09-25 11:11:41.705 16836 16836 I SuperWissBoot: Load assets · 227 / 270
09-25 11:11:41.705 16836 16836 I SuperWissBoot: Load assets · 228 / 270
09-25 11:11:41.705 16836 16836 I SuperWissBoot: Load assets · 229 / 270
09-25 11:11:41.705 16836 16836 I SuperWissBoot: Load assets · 230 / 270
09-25 11:11:41.705 16836 16836 I SuperWissBoot: Load assets · 231 / 270
09-25 11:11:41.705 16836 16836 I SuperWissBoot: Load assets · 232 / 270
09-25 11:11:41.705 16836 16836 I SuperWissBoot: Load assets · 233 / 270
09-25 11:11:41.707 16836 16836 I SuperWissBoot: Load assets · 234 / 270
09-25 11:11:41.707 16836 16836 I SuperWissBoot: Load assets · 235 / 270
09-25 11:11:41.707 16836 16836 I SuperWissBoot: Load assets · 236 / 270
09-25 11:11:41.707 16836 16836 I SuperWissBoot: Load assets · 237 / 270
09-25 11:11:41.709 16836 16836 I SuperWissBoot: Load assets · 238 / 270
09-25 11:11:41.709 16836 16836 I SuperWissBoot: Load assets · 239 / 270
09-25 11:11:41.709 16836 16836 I SuperWissBoot: Load assets · 240 / 270
09-25 11:11:41.709 16836 16836 I SuperWissBoot: Load assets · 241 / 270
09-25 11:11:41.709 16836 16836 I SuperWissBoot: Load assets · 242 / 270
09-25 11:11:41.709 16836 16836 I SuperWissBoot: Load assets · 243 / 270
09-25 11:11:41.709 16836 16836 I SuperWissBoot: Load assets · 244 / 270
09-25 11:11:41.709 16836 16836 I SuperWissBoot: Load assets · 245 / 270
09-25 11:11:41.710 16836 16836 I SuperWissBoot: Load assets · 246 / 270
09-25 11:11:41.710 16836 16836 I SuperWissBoot: Load assets · 247 / 270
09-25 11:11:41.710 16836 16836 I SuperWissBoot: Load assets · 248 / 270
09-25 11:11:41.710 16836 16836 I SuperWissBoot: Load assets · 249 / 270
09-25 11:11:41.710 16836 16836 I SuperWissBoot: Load assets · 250 / 270
09-25 11:11:41.710 16836 16836 I SuperWissBoot: Load assets · 251 / 270
09-25 11:11:41.710 16836 16836 I SuperWissBoot: Load assets · 252 / 270
09-25 11:11:41.710 16836 16836 I SuperWissBoot: Load assets · 253 / 270
09-25 11:11:41.710 16836 16836 I SuperWissBoot: Load assets · 254 / 270
09-25 11:11:41.710 16836 16836 I SuperWissBoot: Load assets · 255 / 270
09-25 11:11:41.710 16836 16836 I SuperWissBoot: Load assets · 256 / 270
09-25 11:11:41.710 16836 16836 I SuperWissBoot: Load assets · 257 / 270
09-25 11:11:41.710 16836 16836 I SuperWissBoot: Load assets · 258 / 270
09-25 11:11:41.710 16836 16836 I SuperWissBoot: Load assets · 259 / 270
09-25 11:11:41.710 16836 16836 I SuperWissBoot: Load assets · 260 / 270
09-25 11:11:41.710 16836 16836 I SuperWissBoot: Load assets · 261 / 270
09-25 11:11:41.710 16836 16836 I SuperWissBoot: Load assets · 262 / 270
09-25 11:11:41.710 16836 16836 I SuperWissBoot: Load assets · 263 / 270
09-25 11:11:41.710 16836 16836 I SuperWissBoot: Load assets · 264 / 270
09-25 11:11:41.710 16836 16836 I SuperWissBoot: Load assets · 265 / 270
09-25 11:11:41.710 16836 16836 I SuperWissBoot: Load assets · 266 / 270
09-25 11:11:41.710 16836 16836 I SuperWissBoot: Load assets · 267 / 270
09-25 11:11:41.711 16836 16836 I SuperWissBoot: Load assets · 268 / 270
09-25 11:11:41.711 16836 16836 I SuperWissBoot: Load assets · 269 / 270
09-25 11:11:41.711 16836 16836 I SuperWissBoot: Load assets · 270 / 270
09-25 11:11:41.711 16836 16836 I SuperWissBoot: Initialize save
09-25 11:11:41.711 16836 16836 I SuperWissBoot: Initialize audio
09-25 11:11:41.711 16836 16836 I SuperWissBoot: Initialize game
09-25 11:11:41.728 16836 16836 I SuperWissBoot: Home screen
09-25 11:14:49.528 18711 18711 I SuperWissBoot: Boot
09-25 11:14:49.530 18711 18711 I SuperWissBoot: Load config
09-25 11:14:49.530 18711 18711 I SuperWissBoot: Load assets
09-25 11:14:49.530 18711 18711 I SuperWissBoot: Load assets · 1 / 270
09-25 11:14:49.530 18711 18711 I SuperWissBoot: Load assets · 2 / 270
09-25 11:14:49.536 18711 18711 I SuperWissBoot: Load assets · 3 / 270
09-25 11:14:49.549 18711 18711 I SuperWissBoot: Load assets · 4 / 270
09-25 11:14:49.565 18711 18711 I SuperWissBoot: Load assets · 5 / 270
09-25 11:14:49.565 18711 18711 I SuperWissBoot: Load assets · 6 / 270
09-25 11:14:49.567 18711 18711 I SuperWissBoot: Load assets · 7 / 270
09-25 11:14:49.568 18711 18711 I SuperWissBoot: Load assets · 8 / 270
09-25 11:14:49.568 18711 18711 I SuperWissBoot: Load assets · 9 / 270
09-25 11:14:49.569 18711 18711 I SuperWissBoot: Load assets · 10 / 270
09-25 11:14:49.569 18711 18711 I SuperWissBoot: Load assets · 11 / 270
09-25 11:14:49.569 18711 18711 I SuperWissBoot: Load assets · 12 / 270
09-25 11:14:49.575 18711 18711 I SuperWissBoot: Load assets · 13 / 270
09-25 11:14:49.575 18711 18711 I SuperWissBoot: Load assets · 14 / 270
09-25 11:14:49.575 18711 18711 I SuperWissBoot: Load assets · 15 / 270
09-25 11:14:49.575 18711 18711 I SuperWissBoot: Load assets · 16 / 270
09-25 11:14:49.575 18711 18711 I SuperWissBoot: Load assets · 17 / 270
09-25 11:14:49.576 18711 18711 I SuperWissBoot: Load assets · 18 / 270
09-25 11:14:49.576 18711 18711 I SuperWissBoot: Load assets · 19 / 270
09-25 11:14:49.576 18711 18711 I SuperWissBoot: Load assets · 20 / 270
09-25 11:14:49.576 18711 18711 I SuperWissBoot: Load assets · 21 / 270
09-25 11:14:49.576 18711 18711 I SuperWissBoot: Load assets · 22 / 270
09-25 11:14:49.576 18711 18711 I SuperWissBoot: Load assets · 23 / 270
09-25 11:14:49.576 18711 18711 I SuperWissBoot: Load assets · 24 / 270
09-25 11:14:49.581 18711 18711 I SuperWissBoot: Load assets · 25 / 270
09-25 11:14:49.581 18711 18711 I SuperWissBoot: Load assets · 26 / 270
09-25 11:14:49.703 18711 18711 I SuperWissBoot: Load assets · 27 / 270
09-25 11:14:49.826 18711 18711 I SuperWissBoot: Load assets · 28 / 270
09-25 11:14:49.838 18711 18711 I SuperWissBoot: Load assets · 29 / 270
09-25 11:14:49.859 18711 18711 I SuperWissBoot: Load assets · 30 / 270
09-25 11:14:50.023 18711 18711 I SuperWissBoot: Load assets · 31 / 270
09-25 11:14:50.110 18711 18711 I SuperWissBoot: Load assets · 32 / 270
09-25 11:14:53.803 18711 18711 I SuperWissBoot: Load assets · 33 / 270
09-25 11:14:53.803 18711 18711 I SuperWissBoot: Load assets · 34 / 270
09-25 11:14:53.803 18711 18711 I SuperWissBoot: Load assets · 35 / 270
09-25 11:14:53.803 18711 18711 I SuperWissBoot: Load assets · 36 / 270
09-25 11:14:53.803 18711 18711 I SuperWissBoot: Load assets · 37 / 270
09-25 11:14:53.803 18711 18711 I SuperWissBoot: Load assets · 38 / 270
09-25 11:14:53.803 18711 18711 I SuperWissBoot: Load assets · 39 / 270
09-25 11:14:53.803 18711 18711 I SuperWissBoot: Load assets · 40 / 270
09-25 11:14:53.803 18711 18711 I SuperWissBoot: Load assets · 41 / 270
09-25 11:14:53.803 18711 18711 I SuperWissBoot: Load assets · 42 / 270
09-25 11:14:53.803 18711 18711 I SuperWissBoot: Load assets · 43 / 270
09-25 11:14:53.804 18711 18711 I SuperWissBoot: Load assets · 44 / 270
09-25 11:14:53.804 18711 18711 I SuperWissBoot: Load assets · 45 / 270
09-25 11:14:53.804 18711 18711 I SuperWissBoot: Load assets · 46 / 270
09-25 11:14:53.804 18711 18711 I SuperWissBoot: Load assets · 47 / 270
09-25 11:14:53.804 18711 18711 I SuperWissBoot: Load assets · 48 / 270
09-25 11:14:53.804 18711 18711 I SuperWissBoot: Load assets · 49 / 270
09-25 11:14:53.804 18711 18711 I SuperWissBoot: Load assets · 50 / 270
09-25 11:14:53.804 18711 18711 I SuperWissBoot: Load assets · 51 / 270
09-25 11:14:53.804 18711 18711 I SuperWissBoot: Load assets · 52 / 270
09-25 11:14:53.804 18711 18711 I SuperWissBoot: Load assets · 53 / 270
09-25 11:14:53.804 18711 18711 I SuperWissBoot: Load assets · 54 / 270
09-25 11:14:53.804 18711 18711 I SuperWissBoot: Load assets · 55 / 270
09-25 11:14:53.804 18711 18711 I SuperWissBoot: Load assets · 56 / 270
09-25 11:14:53.804 18711 18711 I SuperWissBoot: Load assets · 57 / 270
09-25 11:14:53.804 18711 18711 I SuperWissBoot: Load assets · 58 / 270
09-25 11:14:53.804 18711 18711 I SuperWissBoot: Load assets · 59 / 270
09-25 11:14:53.804 18711 18711 I SuperWissBoot: Load assets · 60 / 270
09-25 11:14:53.804 18711 18711 I SuperWissBoot: Load assets · 61 / 270
09-25 11:14:53.804 18711 18711 I SuperWissBoot: Load assets · 62 / 270
09-25 11:14:53.804 18711 18711 I SuperWissBoot: Load assets · 63 / 270
09-25 11:14:53.804 18711 18711 I SuperWissBoot: Load assets · 64 / 270
09-25 11:14:53.804 18711 18711 I SuperWissBoot: Load assets · 65 / 270
09-25 11:14:53.804 18711 18711 I SuperWissBoot: Load assets · 66 / 270
09-25 11:14:53.804 18711 18711 I SuperWissBoot: Load assets · 67 / 270
09-25 11:14:53.804 18711 18711 I SuperWissBoot: Load assets · 68 / 270
09-25 11:14:53.804 18711 18711 I SuperWissBoot: Load assets · 69 / 270
09-25 11:14:53.804 18711 18711 I SuperWissBoot: Load assets · 70 / 270
09-25 11:14:53.804 18711 18711 I SuperWissBoot: Load assets · 71 / 270
09-25 11:14:53.804 18711 18711 I SuperWissBoot: Load assets · 72 / 270
09-25 11:14:53.804 18711 18711 I SuperWissBoot: Load assets · 73 / 270
09-25 11:14:53.804 18711 18711 I SuperWissBoot: Load assets · 74 / 270
09-25 11:14:53.804 18711 18711 I SuperWissBoot: Load assets · 75 / 270
09-25 11:14:53.804 18711 18711 I SuperWissBoot: Load assets · 76 / 270
09-25 11:14:53.804 18711 18711 I SuperWissBoot: Load assets · 77 / 270
09-25 11:14:53.804 18711 18711 I SuperWissBoot: Load assets · 78 / 270
09-25 11:14:53.804 18711 18711 I SuperWissBoot: Load assets · 79 / 270
09-25 11:14:53.805 18711 18711 I SuperWissBoot: Load assets · 80 / 270
09-25 11:14:53.805 18711 18711 I SuperWissBoot: Load assets · 81 / 270
09-25 11:14:53.805 18711 18711 I SuperWissBoot: Load assets · 82 / 270
09-25 11:14:53.805 18711 18711 I SuperWissBoot: Load assets · 83 / 270
09-25 11:14:53.805 18711 18711 I SuperWissBoot: Load assets · 84 / 270
09-25 11:14:53.805 18711 18711 I SuperWissBoot: Load assets · 85 / 270
09-25 11:14:53.805 18711 18711 I SuperWissBoot: Load assets · 86 / 270
09-25 11:14:53.805 18711 18711 I SuperWissBoot: Load assets · 87 / 270
09-25 11:14:53.805 18711 18711 I SuperWissBoot: Load assets · 88 / 270
09-25 11:14:53.805 18711 18711 I SuperWissBoot: Load assets · 89 / 270
09-25 11:14:53.805 18711 18711 I SuperWissBoot: Load assets · 90 / 270
09-25 11:14:53.805 18711 18711 I SuperWissBoot: Load assets · 91 / 270
09-25 11:14:53.805 18711 18711 I SuperWissBoot: Load assets · 92 / 270
09-25 11:14:53.805 18711 18711 I SuperWissBoot: Load assets · 93 / 270
09-25 11:14:53.805 18711 18711 I SuperWissBoot: Load assets · 94 / 270
09-25 11:14:53.805 18711 18711 I SuperWissBoot: Load assets · 95 / 270
09-25 11:14:53.805 18711 18711 I SuperWissBoot: Load assets · 96 / 270
09-25 11:14:53.805 18711 18711 I SuperWissBoot: Load assets · 97 / 270
09-25 11:14:53.805 18711 18711 I SuperWissBoot: Load assets · 98 / 270
09-25 11:14:53.805 18711 18711 I SuperWissBoot: Load assets · 99 / 270
09-25 11:14:53.807 18711 18711 I SuperWissBoot: Load assets · 100 / 270
09-25 11:14:53.808 18711 18711 I SuperWissBoot: Load assets · 101 / 270
09-25 11:14:53.808 18711 18711 I SuperWissBoot: Load assets · 102 / 270
09-25 11:14:53.809 18711 18711 I SuperWissBoot: Load assets · 103 / 270
09-25 11:14:53.809 18711 18711 I SuperWissBoot: Load assets · 104 / 270
09-25 11:14:53.809 18711 18711 I SuperWissBoot: Load assets · 105 / 270
09-25 11:14:53.809 18711 18711 I SuperWissBoot: Load assets · 106 / 270
09-25 11:14:53.809 18711 18711 I SuperWissBoot: Load assets · 107 / 270
09-25 11:14:53.809 18711 18711 I SuperWissBoot: Load assets · 108 / 270
09-25 11:14:53.810 18711 18711 I SuperWissBoot: Load assets · 109 / 270
09-25 11:14:53.810 18711 18711 I SuperWissBoot: Load assets · 110 / 270
09-25 11:14:53.810 18711 18711 I SuperWissBoot: Load assets · 111 / 270
09-25 11:14:53.810 18711 18711 I SuperWissBoot: Load assets · 112 / 270
09-25 11:14:53.810 18711 18711 I SuperWissBoot: Load assets · 113 / 270
09-25 11:14:53.810 18711 18711 I SuperWissBoot: Load assets · 114 / 270
09-25 11:14:53.810 18711 18711 I SuperWissBoot: Load assets · 115 / 270
09-25 11:14:53.810 18711 18711 I SuperWissBoot: Load assets · 116 / 270
09-25 11:14:53.810 18711 18711 I SuperWissBoot: Load assets · 117 / 270
09-25 11:14:53.810 18711 18711 I SuperWissBoot: Load assets · 118 / 270
09-25 11:14:53.810 18711 18711 I SuperWissBoot: Load assets · 119 / 270
09-25 11:14:53.810 18711 18711 I SuperWissBoot: Load assets · 120 / 270
09-25 11:14:53.810 18711 18711 I SuperWissBoot: Load assets · 121 / 270
09-25 11:14:53.811 18711 18711 I SuperWissBoot: Load assets · 122 / 270
09-25 11:14:53.811 18711 18711 I SuperWissBoot: Load assets · 123 / 270
09-25 11:14:53.811 18711 18711 I SuperWissBoot: Load assets · 124 / 270
09-25 11:14:53.811 18711 18711 I SuperWissBoot: Load assets · 125 / 270
09-25 11:14:53.811 18711 18711 I SuperWissBoot: Load assets · 126 / 270
09-25 11:14:53.811 18711 18711 I SuperWissBoot: Load assets · 127 / 270
09-25 11:14:53.811 18711 18711 I SuperWissBoot: Load assets · 128 / 270
09-25 11:14:53.811 18711 18711 I SuperWissBoot: Load assets · 129 / 270
09-25 11:14:53.811 18711 18711 I SuperWissBoot: Load assets · 130 / 270
09-25 11:14:53.811 18711 18711 I SuperWissBoot: Load assets · 131 / 270
09-25 11:14:53.811 18711 18711 I SuperWissBoot: Load assets · 132 / 270
09-25 11:14:53.811 18711 18711 I SuperWissBoot: Load assets · 133 / 270
09-25 11:14:53.811 18711 18711 I SuperWissBoot: Load assets · 134 / 270
09-25 11:14:53.811 18711 18711 I SuperWissBoot: Load assets · 135 / 270
09-25 11:14:53.811 18711 18711 I SuperWissBoot: Load assets · 136 / 270
09-25 11:14:53.811 18711 18711 I SuperWissBoot: Load assets · 137 / 270
09-25 11:14:53.811 18711 18711 I SuperWissBoot: Load assets · 138 / 270
09-25 11:14:53.811 18711 18711 I SuperWissBoot: Load assets · 139 / 270
09-25 11:14:53.811 18711 18711 I SuperWissBoot: Load assets · 140 / 270
09-25 11:14:53.811 18711 18711 I SuperWissBoot: Load assets · 141 / 270
09-25 11:14:53.811 18711 18711 I SuperWissBoot: Load assets · 142 / 270
09-25 11:14:53.811 18711 18711 I SuperWissBoot: Load assets · 143 / 270
09-25 11:14:53.811 18711 18711 I SuperWissBoot: Load assets · 144 / 270
09-25 11:14:53.811 18711 18711 I SuperWissBoot: Load assets · 145 / 270
09-25 11:14:53.811 18711 18711 I SuperWissBoot: Load assets · 146 / 270
09-25 11:14:53.811 18711 18711 I SuperWissBoot: Load assets · 147 / 270
09-25 11:14:53.811 18711 18711 I SuperWissBoot: Load assets · 148 / 270
09-25 11:14:53.812 18711 18711 I SuperWissBoot: Load assets · 149 / 270
09-25 11:14:53.812 18711 18711 I SuperWissBoot: Load assets · 150 / 270
09-25 11:14:53.812 18711 18711 I SuperWissBoot: Load assets · 151 / 270
09-25 11:14:53.812 18711 18711 I SuperWissBoot: Load assets · 152 / 270
09-25 11:14:53.812 18711 18711 I SuperWissBoot: Load assets · 153 / 270
09-25 11:14:53.812 18711 18711 I SuperWissBoot: Load assets · 154 / 270
09-25 11:14:53.812 18711 18711 I SuperWissBoot: Load assets · 155 / 270
09-25 11:14:53.815 18711 18711 I SuperWissBoot: Load assets · 156 / 270
09-25 11:14:53.815 18711 18711 I SuperWissBoot: Load assets · 157 / 270
09-25 11:14:53.815 18711 18711 I SuperWissBoot: Load assets · 158 / 270
09-25 11:14:53.815 18711 18711 I SuperWissBoot: Load assets · 159 / 270
09-25 11:14:53.815 18711 18711 I SuperWissBoot: Load assets · 160 / 270
09-25 11:14:53.816 18711 18711 I SuperWissBoot: Load assets · 161 / 270
09-25 11:14:53.816 18711 18711 I SuperWissBoot: Load assets · 162 / 270
09-25 11:14:53.816 18711 18711 I SuperWissBoot: Load assets · 163 / 270
09-25 11:14:53.816 18711 18711 I SuperWissBoot: Load assets · 164 / 270
09-25 11:14:53.816 18711 18711 I SuperWissBoot: Load assets · 165 / 270
09-25 11:14:53.816 18711 18711 I SuperWissBoot: Load assets · 166 / 270
09-25 11:14:53.816 18711 18711 I SuperWissBoot: Load assets · 167 / 270
09-25 11:14:53.816 18711 18711 I SuperWissBoot: Load assets · 168 / 270
09-25 11:14:53.816 18711 18711 I SuperWissBoot: Load assets · 169 / 270
09-25 11:14:53.816 18711 18711 I SuperWissBoot: Load assets · 170 / 270
09-25 11:14:53.816 18711 18711 I SuperWissBoot: Load assets · 171 / 270
09-25 11:14:53.816 18711 18711 I SuperWissBoot: Load assets · 172 / 270
09-25 11:14:53.816 18711 18711 I SuperWissBoot: Load assets · 173 / 270
09-25 11:14:53.817 18711 18711 I SuperWissBoot: Load assets · 174 / 270
09-25 11:14:53.817 18711 18711 I SuperWissBoot: Load assets · 175 / 270
09-25 11:14:53.817 18711 18711 I SuperWissBoot: Load assets · 176 / 270
09-25 11:14:53.817 18711 18711 I SuperWissBoot: Load assets · 177 / 270
09-25 11:14:53.817 18711 18711 I SuperWissBoot: Load assets · 178 / 270
09-25 11:14:53.817 18711 18711 I SuperWissBoot: Load assets · 179 / 270
09-25 11:14:53.817 18711 18711 I SuperWissBoot: Load assets · 180 / 270
09-25 11:14:53.817 18711 18711 I SuperWissBoot: Load assets · 181 / 270
09-25 11:14:53.817 18711 18711 I SuperWissBoot: Load assets · 182 / 270
09-25 11:14:53.817 18711 18711 I SuperWissBoot: Load assets · 183 / 270
09-25 11:14:53.817 18711 18711 I SuperWissBoot: Load assets · 184 / 270
09-25 11:14:53.820 18711 18711 I SuperWissBoot: Load assets · 185 / 270
09-25 11:14:53.820 18711 18711 I SuperWissBoot: Load assets · 186 / 270
09-25 11:14:53.820 18711 18711 I SuperWissBoot: Load assets · 187 / 270
09-25 11:14:53.820 18711 18711 I SuperWissBoot: Load assets · 188 / 270
09-25 11:14:53.820 18711 18711 I SuperWissBoot: Load assets · 189 / 270
09-25 11:14:53.820 18711 18711 I SuperWissBoot: Load assets · 190 / 270
09-25 11:14:53.820 18711 18711 I SuperWissBoot: Load assets · 191 / 270
09-25 11:14:53.820 18711 18711 I SuperWissBoot: Load assets · 192 / 270
09-25 11:14:53.820 18711 18711 I SuperWissBoot: Load assets · 193 / 270
09-25 11:14:53.821 18711 18711 I SuperWissBoot: Load assets · 194 / 270
09-25 11:14:53.821 18711 18711 I SuperWissBoot: Load assets · 195 / 270
09-25 11:14:53.821 18711 18711 I SuperWissBoot: Load assets · 196 / 270
09-25 11:14:53.821 18711 18711 I SuperWissBoot: Load assets · 197 / 270
09-25 11:14:53.821 18711 18711 I SuperWissBoot: Load assets · 198 / 270
09-25 11:14:53.821 18711 18711 I SuperWissBoot: Load assets · 199 / 270
09-25 11:14:53.821 18711 18711 I SuperWissBoot: Load assets · 200 / 270
09-25 11:14:53.821 18711 18711 I SuperWissBoot: Load assets · 201 / 270
09-25 11:14:53.821 18711 18711 I SuperWissBoot: Load assets · 202 / 270
09-25 11:14:53.821 18711 18711 I SuperWissBoot: Load assets · 203 / 270
09-25 11:14:53.821 18711 18711 I SuperWissBoot: Load assets · 204 / 270
09-25 11:14:53.822 18711 18711 I SuperWissBoot: Load assets · 205 / 270
09-25 11:14:53.822 18711 18711 I SuperWissBoot: Load assets · 206 / 270
09-25 11:14:53.822 18711 18711 I SuperWissBoot: Load assets · 207 / 270
09-25 11:14:53.822 18711 18711 I SuperWissBoot: Load assets · 208 / 270
09-25 11:14:53.822 18711 18711 I SuperWissBoot: Load assets · 209 / 270
09-25 11:14:53.822 18711 18711 I SuperWissBoot: Load assets · 210 / 270
09-25 11:14:53.822 18711 18711 I SuperWissBoot: Load assets · 211 / 270
09-25 11:14:53.822 18711 18711 I SuperWissBoot: Load assets · 212 / 270
09-25 11:14:53.822 18711 18711 I SuperWissBoot: Load assets · 213 / 270
09-25 11:14:53.822 18711 18711 I SuperWissBoot: Load assets · 214 / 270
09-25 11:14:53.822 18711 18711 I SuperWissBoot: Load assets · 215 / 270
09-25 11:14:53.822 18711 18711 I SuperWissBoot: Load assets · 216 / 270
09-25 11:14:53.822 18711 18711 I SuperWissBoot: Load assets · 217 / 270
09-25 11:14:53.822 18711 18711 I SuperWissBoot: Load assets · 218 / 270
09-25 11:14:53.822 18711 18711 I SuperWissBoot: Load assets · 219 / 270
09-25 11:14:53.823 18711 18711 I SuperWissBoot: Load assets · 220 / 270
09-25 11:14:53.823 18711 18711 I SuperWissBoot: Load assets · 221 / 270
09-25 11:14:53.823 18711 18711 I SuperWissBoot: Load assets · 222 / 270
09-25 11:14:53.823 18711 18711 I SuperWissBoot: Load assets · 223 / 270
09-25 11:14:53.823 18711 18711 I SuperWissBoot: Load assets · 224 / 270
09-25 11:14:53.823 18711 18711 I SuperWissBoot: Load assets · 225 / 270
09-25 11:14:53.823 18711 18711 I SuperWissBoot: Load assets · 226 / 270
09-25 11:14:53.823 18711 18711 I SuperWissBoot: Load assets · 227 / 270
09-25 11:14:53.823 18711 18711 I SuperWissBoot: Load assets · 228 / 270
09-25 11:14:53.823 18711 18711 I SuperWissBoot: Load assets · 229 / 270
09-25 11:14:53.823 18711 18711 I SuperWissBoot: Load assets · 230 / 270
09-25 11:14:53.824 18711 18711 I SuperWissBoot: Load assets · 231 / 270
09-25 11:14:53.824 18711 18711 I SuperWissBoot: Load assets · 232 / 270
09-25 11:14:53.824 18711 18711 I SuperWissBoot: Load assets · 233 / 270
09-25 11:14:53.824 18711 18711 I SuperWissBoot: Load assets · 234 / 270
09-25 11:14:53.824 18711 18711 I SuperWissBoot: Load assets · 235 / 270
09-25 11:14:53.824 18711 18711 I SuperWissBoot: Load assets · 236 / 270
09-25 11:14:53.824 18711 18711 I SuperWissBoot: Load assets · 237 / 270
09-25 11:14:53.824 18711 18711 I SuperWissBoot: Load assets · 238 / 270
09-25 11:14:53.824 18711 18711 I SuperWissBoot: Load assets · 239 / 270
09-25 11:14:53.824 18711 18711 I SuperWissBoot: Load assets · 240 / 270
09-25 11:14:53.824 18711 18711 I SuperWissBoot: Load assets · 241 / 270
09-25 11:14:53.824 18711 18711 I SuperWissBoot: Load assets · 242 / 270
09-25 11:14:53.824 18711 18711 I SuperWissBoot: Load assets · 243 / 270
09-25 11:14:53.824 18711 18711 I SuperWissBoot: Load assets · 244 / 270
09-25 11:14:53.824 18711 18711 I SuperWissBoot: Load assets · 245 / 270
09-25 11:14:53.824 18711 18711 I SuperWissBoot: Load assets · 246 / 270
09-25 11:14:53.824 18711 18711 I SuperWissBoot: Load assets · 247 / 270
09-25 11:14:53.824 18711 18711 I SuperWissBoot: Load assets · 248 / 270
09-25 11:14:53.824 18711 18711 I SuperWissBoot: Load assets · 249 / 270
09-25 11:14:53.824 18711 18711 I SuperWissBoot: Load assets · 250 / 270
09-25 11:14:53.824 18711 18711 I SuperWissBoot: Load assets · 251 / 270
09-25 11:14:53.824 18711 18711 I SuperWissBoot: Load assets · 252 / 270
09-25 11:14:53.824 18711 18711 I SuperWissBoot: Load assets · 253 / 270
09-25 11:14:53.824 18711 18711 I SuperWissBoot: Load assets · 254 / 270
09-25 11:14:53.824 18711 18711 I SuperWissBoot: Load assets · 255 / 270
09-25 11:14:53.824 18711 18711 I SuperWissBoot: Load assets · 256 / 270
09-25 11:14:53.824 18711 18711 I SuperWissBoot: Load assets · 257 / 270
09-25 11:14:53.824 18711 18711 I SuperWissBoot: Load assets · 258 / 270
09-25 11:14:53.824 18711 18711 I SuperWissBoot: Load assets · 259 / 270
09-25 11:14:53.824 18711 18711 I SuperWissBoot: Load assets · 260 / 270
09-25 11:14:53.824 18711 18711 I SuperWissBoot: Load assets · 261 / 270
09-25 11:14:53.825 18711 18711 I SuperWissBoot: Load assets · 262 / 270
09-25 11:14:53.825 18711 18711 I SuperWissBoot: Load assets · 263 / 270
09-25 11:14:53.825 18711 18711 I SuperWissBoot: Load assets · 264 / 270
09-25 11:14:53.825 18711 18711 I SuperWissBoot: Load assets · 265 / 270
09-25 11:14:53.825 18711 18711 I SuperWissBoot: Load assets · 266 / 270
09-25 11:14:53.825 18711 18711 I SuperWissBoot: Load assets · 267 / 270
09-25 11:14:53.825 18711 18711 I SuperWissBoot: Load assets · 268 / 270
09-25 11:14:53.825 18711 18711 I SuperWissBoot: Load assets · 269 / 270
09-25 11:14:53.825 18711 18711 I SuperWissBoot: Load assets · 270 / 270
09-25 11:14:53.825 18711 18711 I SuperWissBoot: Initialize save
09-25 11:14:53.825 18711 18711 I SuperWissBoot: Initialize audio
09-25 11:14:53.825 18711 18711 I SuperWissBoot: Initialize game
09-25 11:14:53.831 18711 18711 I SuperWissBoot: Home screen
09-25 11:16:21.275 18711 18711 I SuperWissBoot: Boot
09-25 11:16:21.523 18711 18711 I SuperWissBoot: Load config
09-25 11:16:21.523 18711 18711 I SuperWissBoot: Load assets
09-25 11:16:21.538 18711 18711 I SuperWissBoot: Load assets · 1 / 270
09-25 11:16:21.538 18711 18711 I SuperWissBoot: Load assets · 2 / 270
09-25 11:16:21.538 18711 18711 I SuperWissBoot: Load assets · 3 / 270
09-25 11:16:21.539 18711 18711 I SuperWissBoot: Load assets · 4 / 270
09-25 11:16:21.539 18711 18711 I SuperWissBoot: Load assets · 5 / 270
09-25 11:16:21.539 18711 18711 I SuperWissBoot: Load assets · 6 / 270
09-25 11:16:21.539 18711 18711 I SuperWissBoot: Load assets · 7 / 270
09-25 11:16:21.539 18711 18711 I SuperWissBoot: Load assets · 8 / 270
09-25 11:16:21.539 18711 18711 I SuperWissBoot: Load assets · 9 / 270
09-25 11:16:21.539 18711 18711 I SuperWissBoot: Load assets · 10 / 270
09-25 11:16:21.539 18711 18711 I SuperWissBoot: Load assets · 11 / 270
09-25 11:16:21.539 18711 18711 I SuperWissBoot: Load assets · 12 / 270
09-25 11:16:21.539 18711 18711 I SuperWissBoot: Load assets · 13 / 270
09-25 11:16:21.539 18711 18711 I SuperWissBoot: Load assets · 14 / 270
09-25 11:16:21.539 18711 18711 I SuperWissBoot: Load assets · 15 / 270
09-25 11:16:21.608 18711 18711 I SuperWissBoot: Load assets · 16 / 270
09-25 11:16:21.702 18711 18711 I SuperWissBoot: Load assets · 17 / 270
09-25 11:16:21.702 18711 18711 I SuperWissBoot: Load assets · 18 / 270
09-25 11:16:21.702 18711 18711 I SuperWissBoot: Load assets · 19 / 270
09-25 11:16:21.702 18711 18711 I SuperWissBoot: Load assets · 20 / 270
09-25 11:16:21.702 18711 18711 I SuperWissBoot: Load assets · 21 / 270
09-25 11:16:21.702 18711 18711 I SuperWissBoot: Load assets · 22 / 270
09-25 11:16:21.932 18711 18711 I SuperWissBoot: Load assets · 23 / 270
09-25 11:16:21.933 18711 18711 I SuperWissBoot: Load assets · 24 / 270
09-25 11:16:21.933 18711 18711 I SuperWissBoot: Load assets · 25 / 270
09-25 11:16:21.933 18711 18711 I SuperWissBoot: Load assets · 26 / 270
09-25 11:16:21.933 18711 18711 I SuperWissBoot: Load assets · 27 / 270
09-25 11:16:21.933 18711 18711 I SuperWissBoot: Load assets · 28 / 270
09-25 11:16:21.935 18711 18711 I SuperWissBoot: Load assets · 29 / 270
09-25 11:16:21.935 18711 18711 I SuperWissBoot: Load assets · 30 / 270
09-25 11:16:21.935 18711 18711 I SuperWissBoot: Load assets · 31 / 270
09-25 11:16:21.935 18711 18711 I SuperWissBoot: Load assets · 32 / 270
09-25 11:16:21.945 18711 18711 I SuperWissBoot: Load assets · 33 / 270
09-25 11:16:21.946 18711 18711 I SuperWissBoot: Load assets · 34 / 270
09-25 11:16:21.946 18711 18711 I SuperWissBoot: Load assets · 35 / 270
09-25 11:16:21.946 18711 18711 I SuperWissBoot: Load assets · 36 / 270
09-25 11:16:21.946 18711 18711 I SuperWissBoot: Load assets · 37 / 270
09-25 11:16:21.946 18711 18711 I SuperWissBoot: Load assets · 38 / 270
09-25 11:16:21.946 18711 18711 I SuperWissBoot: Load assets · 39 / 270
09-25 11:16:21.946 18711 18711 I SuperWissBoot: Load assets · 40 / 270
09-25 11:16:21.946 18711 18711 I SuperWissBoot: Load assets · 41 / 270
09-25 11:16:21.946 18711 18711 I SuperWissBoot: Load assets · 42 / 270
09-25 11:16:21.946 18711 18711 I SuperWissBoot: Load assets · 43 / 270
09-25 11:16:21.946 18711 18711 I SuperWissBoot: Load assets · 44 / 270
09-25 11:16:21.946 18711 18711 I SuperWissBoot: Load assets · 45 / 270
09-25 11:16:21.946 18711 18711 I SuperWissBoot: Load assets · 46 / 270
09-25 11:16:21.947 18711 18711 I SuperWissBoot: Load assets · 47 / 270
09-25 11:16:21.947 18711 18711 I SuperWissBoot: Load assets · 48 / 270
09-25 11:16:21.947 18711 18711 I SuperWissBoot: Load assets · 49 / 270
09-25 11:16:21.947 18711 18711 I SuperWissBoot: Load assets · 50 / 270
09-25 11:16:21.947 18711 18711 I SuperWissBoot: Load assets · 51 / 270
09-25 11:16:21.947 18711 18711 I SuperWissBoot: Load assets · 52 / 270
09-25 11:16:21.947 18711 18711 I SuperWissBoot: Load assets · 53 / 270
09-25 11:16:21.947 18711 18711 I SuperWissBoot: Load assets · 54 / 270
09-25 11:16:21.947 18711 18711 I SuperWissBoot: Load assets · 55 / 270
09-25 11:16:21.985 18711 18711 I SuperWissBoot: Load assets · 56 / 270
09-25 11:16:21.989 18711 18711 I SuperWissBoot: Load assets · 57 / 270
09-25 11:16:22.118 18711 18711 I SuperWissBoot: Load assets · 58 / 270
09-25 11:16:22.119 18711 18711 I SuperWissBoot: Load assets · 59 / 270
09-25 11:16:22.177 18711 18711 I SuperWissBoot: Load assets · 60 / 270
09-25 11:16:22.177 18711 18711 I SuperWissBoot: Load assets · 61 / 270
09-25 11:16:22.177 18711 18711 I SuperWissBoot: Load assets · 62 / 270
09-25 11:16:22.177 18711 18711 I SuperWissBoot: Load assets · 63 / 270
09-25 11:16:22.177 18711 18711 I SuperWissBoot: Load assets · 64 / 270
09-25 11:16:22.177 18711 18711 I SuperWissBoot: Load assets · 65 / 270
09-25 11:16:22.177 18711 18711 I SuperWissBoot: Load assets · 66 / 270
09-25 11:16:22.254 18711 18711 I SuperWissBoot: Load assets · 67 / 270
09-25 11:16:22.254 18711 18711 I SuperWissBoot: Load assets · 68 / 270
09-25 11:16:22.254 18711 18711 I SuperWissBoot: Load assets · 69 / 270
09-25 11:16:22.255 18711 18711 I SuperWissBoot: Load assets · 70 / 270
09-25 11:16:22.255 18711 18711 I SuperWissBoot: Load assets · 71 / 270
09-25 11:16:22.301 18711 18711 I SuperWissBoot: Load assets · 72 / 270
09-25 11:16:22.301 18711 18711 I SuperWissBoot: Load assets · 73 / 270
09-25 11:16:22.383 18711 18711 I SuperWissBoot: Load assets · 74 / 270
09-25 11:16:22.383 18711 18711 I SuperWissBoot: Load assets · 75 / 270
09-25 11:16:22.383 18711 18711 I SuperWissBoot: Load assets · 76 / 270
09-25 11:16:22.425 18711 18711 I SuperWissBoot: Load assets · 77 / 270
09-25 11:16:22.427 18711 18711 I SuperWissBoot: Load assets · 78 / 270
09-25 11:16:22.427 18711 18711 I SuperWissBoot: Load assets · 79 / 270
09-25 11:16:22.442 18711 18711 I SuperWissBoot: Load assets · 80 / 270
09-25 11:16:22.506 18711 18711 I SuperWissBoot: Load assets · 81 / 270
09-25 11:16:22.566 18711 18711 I SuperWissBoot: Load assets · 82 / 270
09-25 11:16:22.566 18711 18711 I SuperWissBoot: Load assets · 83 / 270
09-25 11:16:22.566 18711 18711 I SuperWissBoot: Load assets · 84 / 270
09-25 11:16:22.566 18711 18711 I SuperWissBoot: Load assets · 85 / 270
09-25 11:16:22.566 18711 18711 I SuperWissBoot: Load assets · 86 / 270
09-25 11:16:22.566 18711 18711 I SuperWissBoot: Load assets · 87 / 270
09-25 11:16:22.566 18711 18711 I SuperWissBoot: Load assets · 88 / 270
09-25 11:16:22.623 18711 18711 I SuperWissBoot: Load assets · 89 / 270
09-25 11:16:22.623 18711 18711 I SuperWissBoot: Load assets · 90 / 270
09-25 11:16:22.623 18711 18711 I SuperWissBoot: Load assets · 91 / 270
09-25 11:16:22.623 18711 18711 I SuperWissBoot: Load assets · 92 / 270
09-25 11:16:22.742 18711 18711 I SuperWissBoot: Load assets · 93 / 270
09-25 11:16:22.742 18711 18711 I SuperWissBoot: Load assets · 94 / 270
09-25 11:16:22.747 18711 18711 I SuperWissBoot: Load assets · 95 / 270
09-25 11:16:22.747 18711 18711 I SuperWissBoot: Load assets · 96 / 270
09-25 11:16:22.756 18711 18711 I SuperWissBoot: Load assets · 97 / 270
09-25 11:16:22.756 18711 18711 I SuperWissBoot: Load assets · 98 / 270
09-25 11:16:22.756 18711 18711 I SuperWissBoot: Load assets · 99 / 270
09-25 11:16:22.756 18711 18711 I SuperWissBoot: Load assets · 100 / 270
09-25 11:16:22.756 18711 18711 I SuperWissBoot: Load assets · 101 / 270
09-25 11:16:22.756 18711 18711 I SuperWissBoot: Load assets · 102 / 270
09-25 11:16:22.756 18711 18711 I SuperWissBoot: Load assets · 103 / 270
09-25 11:16:22.756 18711 18711 I SuperWissBoot: Load assets · 104 / 270
09-25 11:16:22.757 18711 18711 I SuperWissBoot: Load assets · 105 / 270
09-25 11:16:22.849 18711 18711 I SuperWissBoot: Load assets · 106 / 270
09-25 11:16:22.890 18711 18711 I SuperWissBoot: Load assets · 107 / 270
09-25 11:16:22.890 18711 18711 I SuperWissBoot: Load assets · 108 / 270
09-25 11:16:22.890 18711 18711 I SuperWissBoot: Load assets · 109 / 270
09-25 11:16:22.890 18711 18711 I SuperWissBoot: Load assets · 110 / 270
09-25 11:16:22.891 18711 18711 I SuperWissBoot: Load assets · 111 / 270
09-25 11:16:22.891 18711 18711 I SuperWissBoot: Load assets · 112 / 270
09-25 11:16:22.891 18711 18711 I SuperWissBoot: Load assets · 113 / 270
09-25 11:16:22.891 18711 18711 I SuperWissBoot: Load assets · 114 / 270
09-25 11:16:22.973 18711 18711 I SuperWissBoot: Load assets · 115 / 270
09-25 11:16:22.973 18711 18711 I SuperWissBoot: Load assets · 116 / 270
09-25 11:16:23.025 18711 18711 I SuperWissBoot: Load assets · 117 / 270
09-25 11:16:23.025 18711 18711 I SuperWissBoot: Load assets · 118 / 270
09-25 11:16:23.025 18711 18711 I SuperWissBoot: Load assets · 119 / 270
09-25 11:16:23.025 18711 18711 I SuperWissBoot: Load assets · 120 / 270
09-25 11:16:23.025 18711 18711 I SuperWissBoot: Load assets · 121 / 270
09-25 11:16:23.025 18711 18711 I SuperWissBoot: Load assets · 122 / 270
09-25 11:16:23.025 18711 18711 I SuperWissBoot: Load assets · 123 / 270
09-25 11:16:23.025 18711 18711 I SuperWissBoot: Load assets · 124 / 270
09-25 11:16:23.025 18711 18711 I SuperWissBoot: Load assets · 125 / 270
09-25 11:16:23.099 18711 18711 I SuperWissBoot: Load assets · 126 / 270
09-25 11:16:23.099 18711 18711 I SuperWissBoot: Load assets · 127 / 270
09-25 11:16:23.099 18711 18711 I SuperWissBoot: Load assets · 128 / 270
09-25 11:16:23.138 18711 18711 I SuperWissBoot: Load assets · 129 / 270
09-25 11:16:23.138 18711 18711 I SuperWissBoot: Load assets · 130 / 270
09-25 11:16:23.138 18711 18711 I SuperWissBoot: Load assets · 131 / 270
09-25 11:16:23.138 18711 18711 I SuperWissBoot: Load assets · 132 / 270
09-25 11:16:23.162 18711 18711 I SuperWissBoot: Load assets · 133 / 270
09-25 11:16:23.228 18711 18711 I SuperWissBoot: Load assets · 134 / 270
09-25 11:16:23.306 18711 18711 I SuperWissBoot: Load assets · 135 / 270
09-25 11:16:23.306 18711 18711 I SuperWissBoot: Load assets · 136 / 270
09-25 11:16:23.306 18711 18711 I SuperWissBoot: Load assets · 137 / 270
09-25 11:16:23.306 18711 18711 I SuperWissBoot: Load assets · 138 / 270
09-25 11:16:23.349 18711 18711 I SuperWissBoot: Load assets · 139 / 270
09-25 11:16:23.349 18711 18711 I SuperWissBoot: Load assets · 140 / 270
09-25 11:16:23.349 18711 18711 I SuperWissBoot: Load assets · 141 / 270
09-25 11:16:23.350 18711 18711 I SuperWissBoot: Load assets · 142 / 270
09-25 11:16:23.350 18711 18711 I SuperWissBoot: Load assets · 143 / 270
09-25 11:16:23.368 18711 18711 I SuperWissBoot: Load assets · 144 / 270
09-25 11:16:23.368 18711 18711 I SuperWissBoot: Load assets · 145 / 270
09-25 11:16:23.388 18711 18711 I SuperWissBoot: Load assets · 146 / 270
09-25 11:16:23.400 18711 18711 I SuperWissBoot: Load assets · 147 / 270
09-25 11:16:23.402 18711 18711 I SuperWissBoot: Load assets · 148 / 270
09-25 11:16:23.435 18711 18711 I SuperWissBoot: Load assets · 149 / 270
09-25 11:16:23.481 18711 18711 I SuperWissBoot: Load assets · 150 / 270
09-25 11:16:23.481 18711 18711 I SuperWissBoot: Load assets · 151 / 270
09-25 11:16:23.617 18711 18711 I SuperWissBoot: Load assets · 152 / 270
09-25 11:16:23.617 18711 18711 I SuperWissBoot: Load assets · 153 / 270
09-25 11:16:23.621 18711 18711 I SuperWissBoot: Load assets · 154 / 270
09-25 11:16:23.621 18711 18711 I SuperWissBoot: Load assets · 155 / 270
09-25 11:16:23.621 18711 18711 I SuperWissBoot: Load assets · 156 / 270
09-25 11:16:23.621 18711 18711 I SuperWissBoot: Load assets · 157 / 270
09-25 11:16:23.621 18711 18711 I SuperWissBoot: Load assets · 158 / 270
09-25 11:16:23.622 18711 18711 I SuperWissBoot: Load assets · 159 / 270
09-25 11:16:23.622 18711 18711 I SuperWissBoot: Load assets · 160 / 270
09-25 11:16:23.622 18711 18711 I SuperWissBoot: Load assets · 161 / 270
09-25 11:16:23.622 18711 18711 I SuperWissBoot: Load assets · 162 / 270
09-25 11:16:23.622 18711 18711 I SuperWissBoot: Load assets · 163 / 270
09-25 11:16:23.622 18711 18711 I SuperWissBoot: Load assets · 164 / 270
09-25 11:16:23.782 18711 18711 I SuperWissBoot: Load assets · 165 / 270
09-25 11:16:23.782 18711 18711 I SuperWissBoot: Load assets · 166 / 270
09-25 11:16:23.782 18711 18711 I SuperWissBoot: Load assets · 167 / 270
09-25 11:16:23.782 18711 18711 I SuperWissBoot: Load assets · 168 / 270
09-25 11:16:23.782 18711 18711 I SuperWissBoot: Load assets · 169 / 270
09-25 11:16:23.782 18711 18711 I SuperWissBoot: Load assets · 170 / 270
09-25 11:16:23.783 18711 18711 I SuperWissBoot: Load assets · 171 / 270
09-25 11:16:23.783 18711 18711 I SuperWissBoot: Load assets · 172 / 270
09-25 11:16:23.783 18711 18711 I SuperWissBoot: Load assets · 173 / 270
09-25 11:16:23.783 18711 18711 I SuperWissBoot: Load assets · 174 / 270
09-25 11:16:23.799 18711 18711 I SuperWissBoot: Load assets · 175 / 270
09-25 11:16:23.815 18711 18711 I SuperWissBoot: Load assets · 176 / 270
09-25 11:16:23.828 18711 18711 I SuperWissBoot: Load assets · 177 / 270
09-25 11:16:23.830 18711 18711 I SuperWissBoot: Load assets · 178 / 270
09-25 11:16:23.852 18711 18711 I SuperWissBoot: Load assets · 179 / 270
09-25 11:16:23.903 18711 18711 I SuperWissBoot: Load assets · 180 / 270
09-25 11:16:23.903 18711 18711 I SuperWissBoot: Load assets · 181 / 270
09-25 11:16:23.999 18711 18711 I SuperWissBoot: Load assets · 182 / 270
09-25 11:16:23.999 18711 18711 I SuperWissBoot: Load assets · 183 / 270
09-25 11:16:23.999 18711 18711 I SuperWissBoot: Load assets · 184 / 270
09-25 11:16:23.999 18711 18711 I SuperWissBoot: Load assets · 185 / 270
09-25 11:16:24.038 18711 18711 I SuperWissBoot: Load assets · 186 / 270
09-25 11:16:24.038 18711 18711 I SuperWissBoot: Load assets · 187 / 270
09-25 11:16:24.038 18711 18711 I SuperWissBoot: Load assets · 188 / 270
09-25 11:16:24.038 18711 18711 I SuperWissBoot: Load assets · 189 / 270
09-25 11:16:24.038 18711 18711 I SuperWissBoot: Load assets · 190 / 270
09-25 11:16:24.038 18711 18711 I SuperWissBoot: Load assets · 191 / 270
09-25 11:16:24.038 18711 18711 I SuperWissBoot: Load assets · 192 / 270
09-25 11:16:24.068 18711 18711 I SuperWissBoot: Load assets · 193 / 270
09-25 11:16:24.105 18711 18711 I SuperWissBoot: Load assets · 194 / 270
09-25 11:16:24.175 18711 18711 I SuperWissBoot: Load assets · 195 / 270
09-25 11:16:24.176 18711 18711 I SuperWissBoot: Load assets · 196 / 270
09-25 11:16:24.267 18711 18711 I SuperWissBoot: Load assets · 197 / 270
09-25 11:16:24.267 18711 18711 I SuperWissBoot: Load assets · 198 / 270
09-25 11:16:24.267 18711 18711 I SuperWissBoot: Load assets · 199 / 270
09-25 11:16:24.267 18711 18711 I SuperWissBoot: Load assets · 200 / 270
09-25 11:16:24.267 18711 18711 I SuperWissBoot: Load assets · 201 / 270
09-25 11:16:24.267 18711 18711 I SuperWissBoot: Load assets · 202 / 270
09-25 11:16:24.307 18711 18711 I SuperWissBoot: Load assets · 203 / 270
09-25 11:16:24.307 18711 18711 I SuperWissBoot: Load assets · 204 / 270
09-25 11:16:24.307 18711 18711 I SuperWissBoot: Load assets · 205 / 270
09-25 11:16:24.307 18711 18711 I SuperWissBoot: Load assets · 206 / 270
09-25 11:16:24.307 18711 18711 I SuperWissBoot: Load assets · 207 / 270
09-25 11:16:24.307 18711 18711 I SuperWissBoot: Load assets · 208 / 270
09-25 11:16:24.307 18711 18711 I SuperWissBoot: Load assets · 209 / 270
09-25 11:16:24.339 18711 18711 I SuperWissBoot: Load assets · 210 / 270
09-25 11:16:24.339 18711 18711 I SuperWissBoot: Load assets · 211 / 270
09-25 11:16:24.339 18711 18711 I SuperWissBoot: Load assets · 212 / 270
09-25 11:16:24.365 18711 18711 I SuperWissBoot: Load assets · 213 / 270
09-25 11:16:24.366 18711 18711 I SuperWissBoot: Load assets · 214 / 270
09-25 11:16:24.409 18711 18711 I SuperWissBoot: Load assets · 215 / 270
09-25 11:16:24.416 18711 18711 I SuperWissBoot: Load assets · 216 / 270
09-25 11:16:24.426 18711 18711 I SuperWissBoot: Load assets · 217 / 270
09-25 11:16:24.427 18711 18711 I SuperWissBoot: Load assets · 218 / 270
09-25 11:16:24.431 18711 18711 I SuperWissBoot: Load assets · 219 / 270
09-25 11:16:24.437 18711 18711 I SuperWissBoot: Load assets · 220 / 270
09-25 11:16:24.572 18711 18711 I SuperWissBoot: Load assets · 221 / 270
09-25 11:16:24.572 18711 18711 I SuperWissBoot: Load assets · 222 / 270
09-25 11:16:24.572 18711 18711 I SuperWissBoot: Load assets · 223 / 270
09-25 11:16:24.595 18711 18711 I SuperWissBoot: Load assets · 224 / 270
09-25 11:16:24.595 18711 18711 I SuperWissBoot: Load assets · 225 / 270
09-25 11:16:24.595 18711 18711 I SuperWissBoot: Load assets · 226 / 270
09-25 11:16:24.621 18711 18711 I SuperWissBoot: Load assets · 227 / 270
09-25 11:16:24.637 18711 18711 I SuperWissBoot: Load assets · 228 / 270
09-25 11:16:24.637 18711 18711 I SuperWissBoot: Load assets · 229 / 270
09-25 11:16:24.713 18711 18711 I SuperWissBoot: Load assets · 230 / 270
09-25 11:16:24.722 18711 18711 I SuperWissBoot: Load assets · 231 / 270
09-25 11:16:24.797 18711 18711 I SuperWissBoot: Load assets · 232 / 270
09-25 11:16:24.799 18711 18711 I SuperWissBoot: Load assets · 233 / 270
09-25 11:16:24.800 18711 18711 I SuperWissBoot: Load assets · 234 / 270
09-25 11:16:24.800 18711 18711 I SuperWissBoot: Load assets · 235 / 270
09-25 11:16:24.836 18711 18711 I SuperWissBoot: Load assets · 236 / 270
09-25 11:16:24.836 18711 18711 I SuperWissBoot: Load assets · 237 / 270
09-25 11:16:24.836 18711 18711 I SuperWissBoot: Load assets · 238 / 270
09-25 11:16:24.836 18711 18711 I SuperWissBoot: Load assets · 239 / 270
09-25 11:16:24.836 18711 18711 I SuperWissBoot: Load assets · 240 / 270
09-25 11:16:24.836 18711 18711 I SuperWissBoot: Load assets · 241 / 270
09-25 11:16:24.917 18711 18711 I SuperWissBoot: Load assets · 242 / 270
09-25 11:16:24.917 18711 18711 I SuperWissBoot: Load assets · 243 / 270
09-25 11:16:24.917 18711 18711 I SuperWissBoot: Load assets · 244 / 270
09-25 11:16:24.961 18711 18711 I SuperWissBoot: Load assets · 245 / 270
09-25 11:16:24.961 18711 18711 I SuperWissBoot: Load assets · 246 / 270
09-25 11:16:24.961 18711 18711 I SuperWissBoot: Load assets · 247 / 270
09-25 11:16:24.967 18711 18711 I SuperWissBoot: Load assets · 248 / 270
09-25 11:16:24.968 18711 18711 I SuperWissBoot: Load assets · 249 / 270
09-25 11:16:24.968 18711 18711 I SuperWissBoot: Load assets · 250 / 270
09-25 11:16:25.103 18711 18711 I SuperWissBoot: Load assets · 251 / 270
09-25 11:16:25.103 18711 18711 I SuperWissBoot: Load assets · 252 / 270
09-25 11:16:25.103 18711 18711 I SuperWissBoot: Load assets · 253 / 270
09-25 11:16:25.160 18711 18711 I SuperWissBoot: Load assets · 254 / 270
09-25 11:16:25.160 18711 18711 I SuperWissBoot: Load assets · 255 / 270
09-25 11:16:25.238 18711 18711 I SuperWissBoot: Load assets · 256 / 270
09-25 11:16:25.239 18711 18711 I SuperWissBoot: Load assets · 257 / 270
09-25 11:16:25.292 18711 18711 I SuperWissBoot: Load assets · 258 / 270
09-25 11:16:25.292 18711 18711 I SuperWissBoot: Load assets · 259 / 270
09-25 11:16:25.292 18711 18711 I SuperWissBoot: Load assets · 260 / 270
09-25 11:16:25.292 18711 18711 I SuperWissBoot: Load assets · 261 / 270
09-25 11:16:25.292 18711 18711 I SuperWissBoot: Load assets · 262 / 270
09-25 11:16:25.376 18711 18711 I SuperWissBoot: Load assets · 263 / 270
09-25 11:16:25.382 18711 18711 I SuperWissBoot: Load assets · 264 / 270
09-25 11:16:25.383 18711 18711 I SuperWissBoot: Load assets · 265 / 270
09-25 11:16:25.439 18711 18711 I SuperWissBoot: Load assets · 266 / 270
09-25 11:16:25.439 18711 18711 I SuperWissBoot: Load assets · 267 / 270
09-25 11:16:25.439 18711 18711 I SuperWissBoot: Load assets · 268 / 270
09-25 11:16:25.506 18711 18711 I SuperWissBoot: Load assets · 269 / 270
09-25 11:16:25.506 18711 18711 I SuperWissBoot: Load assets · 270 / 270
09-25 11:16:25.506 18711 18711 I SuperWissBoot: Initialize save
09-25 11:16:25.506 18711 18711 I SuperWissBoot: Initialize audio
09-25 11:16:25.506 18711 18711 I SuperWissBoot: Initialize game
09-25 11:16:25.521 18711 18711 I SuperWissBoot: Home screen
09-25 11:17:52.630 20583 20583 I SuperWissBoot: Boot
09-25 11:17:52.632 20583 20583 I SuperWissBoot: Load config
09-25 11:17:52.632 20583 20583 I SuperWissBoot: Load assets
09-25 11:17:52.632 20583 20583 I SuperWissBoot: Load assets · 1 / 270
09-25 11:17:52.633 20583 20583 I SuperWissBoot: Load assets · 2 / 270
09-25 11:17:52.633 20583 20583 I SuperWissBoot: Load assets · 3 / 270
09-25 11:17:52.633 20583 20583 I SuperWissBoot: Load assets · 4 / 270
09-25 11:17:52.633 20583 20583 I SuperWissBoot: Load assets · 5 / 270
09-25 11:17:52.634 20583 20583 I SuperWissBoot: Load assets · 6 / 270
09-25 11:17:52.736 20583 20583 I SuperWissBoot: Load assets · 7 / 270
09-25 11:17:52.736 20583 20583 I SuperWissBoot: Load assets · 8 / 270
09-25 11:17:52.737 20583 20583 I SuperWissBoot: Load assets · 9 / 270
09-25 11:17:52.769 20583 20583 I SuperWissBoot: Load assets · 10 / 270
09-25 11:17:52.794 20583 20583 I SuperWissBoot: Load assets · 11 / 270
09-25 11:17:52.798 20583 20583 I SuperWissBoot: Load assets · 12 / 270
09-25 11:17:52.819 20583 20583 I SuperWissBoot: Load assets · 13 / 270
09-25 11:17:52.861 20583 20583 I SuperWissBoot: Load assets · 14 / 270
09-25 11:17:55.874 20583 20583 I SuperWissBoot: Load assets · 15 / 270
09-25 11:17:55.951 20583 20583 I SuperWissBoot: Load assets · 16 / 270
09-25 11:17:55.952 20583 20583 I SuperWissBoot: Load assets · 17 / 270
09-25 11:17:55.958 20583 20583 I SuperWissBoot: Load assets · 18 / 270
09-25 11:17:55.959 20583 20583 I SuperWissBoot: Load assets · 19 / 270
09-25 11:17:55.959 20583 20583 I SuperWissBoot: Load assets · 20 / 270
09-25 11:17:55.959 20583 20583 I SuperWissBoot: Load assets · 21 / 270
09-25 11:17:55.959 20583 20583 I SuperWissBoot: Load assets · 22 / 270
09-25 11:17:55.959 20583 20583 I SuperWissBoot: Load assets · 23 / 270
09-25 11:17:55.959 20583 20583 I SuperWissBoot: Load assets · 24 / 270
09-25 11:17:55.959 20583 20583 I SuperWissBoot: Load assets · 25 / 270
09-25 11:17:55.959 20583 20583 I SuperWissBoot: Load assets · 26 / 270
09-25 11:17:55.959 20583 20583 I SuperWissBoot: Load assets · 27 / 270
09-25 11:17:55.959 20583 20583 I SuperWissBoot: Load assets · 28 / 270
09-25 11:17:55.959 20583 20583 I SuperWissBoot: Load assets · 29 / 270
09-25 11:17:55.959 20583 20583 I SuperWissBoot: Load assets · 30 / 270
09-25 11:17:55.959 20583 20583 I SuperWissBoot: Load assets · 31 / 270
09-25 11:17:55.959 20583 20583 I SuperWissBoot: Load assets · 32 / 270
09-25 11:17:55.959 20583 20583 I SuperWissBoot: Load assets · 33 / 270
09-25 11:17:55.959 20583 20583 I SuperWissBoot: Load assets · 34 / 270
09-25 11:17:55.959 20583 20583 I SuperWissBoot: Load assets · 35 / 270
09-25 11:17:55.959 20583 20583 I SuperWissBoot: Load assets · 36 / 270
09-25 11:17:55.959 20583 20583 I SuperWissBoot: Load assets · 37 / 270
09-25 11:17:55.959 20583 20583 I SuperWissBoot: Load assets · 38 / 270
09-25 11:17:55.959 20583 20583 I SuperWissBoot: Load assets · 39 / 270
09-25 11:17:55.959 20583 20583 I SuperWissBoot: Load assets · 40 / 270
09-25 11:17:55.960 20583 20583 I SuperWissBoot: Load assets · 41 / 270
09-25 11:17:55.960 20583 20583 I SuperWissBoot: Load assets · 42 / 270
09-25 11:17:55.960 20583 20583 I SuperWissBoot: Load assets · 43 / 270
09-25 11:17:55.960 20583 20583 I SuperWissBoot: Load assets · 44 / 270
09-25 11:17:55.960 20583 20583 I SuperWissBoot: Load assets · 45 / 270
09-25 11:17:55.960 20583 20583 I SuperWissBoot: Load assets · 46 / 270
09-25 11:17:55.960 20583 20583 I SuperWissBoot: Load assets · 47 / 270
09-25 11:17:55.960 20583 20583 I SuperWissBoot: Load assets · 48 / 270
09-25 11:17:55.960 20583 20583 I SuperWissBoot: Load assets · 49 / 270
09-25 11:17:55.960 20583 20583 I SuperWissBoot: Load assets · 50 / 270
09-25 11:17:55.960 20583 20583 I SuperWissBoot: Load assets · 51 / 270
09-25 11:17:55.960 20583 20583 I SuperWissBoot: Load assets · 52 / 270
09-25 11:17:55.960 20583 20583 I SuperWissBoot: Load assets · 53 / 270
09-25 11:17:55.960 20583 20583 I SuperWissBoot: Load assets · 54 / 270
09-25 11:17:55.978 20583 20583 I SuperWissBoot: Load assets · 55 / 270
09-25 11:17:55.979 20583 20583 I SuperWissBoot: Load assets · 56 / 270
09-25 11:17:55.979 20583 20583 I SuperWissBoot: Load assets · 57 / 270
09-25 11:17:55.979 20583 20583 I SuperWissBoot: Load assets · 58 / 270
09-25 11:17:55.979 20583 20583 I SuperWissBoot: Load assets · 59 / 270
09-25 11:17:55.979 20583 20583 I SuperWissBoot: Load assets · 60 / 270
09-25 11:17:55.979 20583 20583 I SuperWissBoot: Load assets · 61 / 270
09-25 11:17:55.979 20583 20583 I SuperWissBoot: Load assets · 62 / 270
09-25 11:17:55.979 20583 20583 I SuperWissBoot: Load assets · 63 / 270
09-25 11:17:55.979 20583 20583 I SuperWissBoot: Load assets · 64 / 270
09-25 11:17:55.979 20583 20583 I SuperWissBoot: Load assets · 65 / 270
09-25 11:17:55.979 20583 20583 I SuperWissBoot: Load assets · 66 / 270
09-25 11:17:55.979 20583 20583 I SuperWissBoot: Load assets · 67 / 270
09-25 11:17:55.979 20583 20583 I SuperWissBoot: Load assets · 68 / 270
09-25 11:17:55.979 20583 20583 I SuperWissBoot: Load assets · 69 / 270
09-25 11:17:55.979 20583 20583 I SuperWissBoot: Load assets · 70 / 270
09-25 11:17:55.979 20583 20583 I SuperWissBoot: Load assets · 71 / 270
09-25 11:17:55.979 20583 20583 I SuperWissBoot: Load assets · 72 / 270
09-25 11:17:55.979 20583 20583 I SuperWissBoot: Load assets · 73 / 270
09-25 11:17:55.979 20583 20583 I SuperWissBoot: Load assets · 74 / 270
09-25 11:17:55.979 20583 20583 I SuperWissBoot: Load assets · 75 / 270
09-25 11:17:55.979 20583 20583 I SuperWissBoot: Load assets · 76 / 270
09-25 11:17:55.979 20583 20583 I SuperWissBoot: Load assets · 77 / 270
09-25 11:17:55.980 20583 20583 I SuperWissBoot: Load assets · 78 / 270
09-25 11:17:55.980 20583 20583 I SuperWissBoot: Load assets · 79 / 270
09-25 11:17:55.981 20583 20583 I SuperWissBoot: Load assets · 80 / 270
09-25 11:17:55.981 20583 20583 I SuperWissBoot: Load assets · 81 / 270
09-25 11:17:55.981 20583 20583 I SuperWissBoot: Load assets · 82 / 270
09-25 11:17:55.981 20583 20583 I SuperWissBoot: Load assets · 83 / 270
09-25 11:17:55.981 20583 20583 I SuperWissBoot: Load assets · 84 / 270
09-25 11:17:55.981 20583 20583 I SuperWissBoot: Load assets · 85 / 270
09-25 11:17:55.981 20583 20583 I SuperWissBoot: Load assets · 86 / 270
09-25 11:17:55.981 20583 20583 I SuperWissBoot: Load assets · 87 / 270
09-25 11:17:55.981 20583 20583 I SuperWissBoot: Load assets · 88 / 270
09-25 11:17:55.981 20583 20583 I SuperWissBoot: Load assets · 89 / 270
09-25 11:17:55.981 20583 20583 I SuperWissBoot: Load assets · 90 / 270
09-25 11:17:55.981 20583 20583 I SuperWissBoot: Load assets · 91 / 270
09-25 11:17:55.981 20583 20583 I SuperWissBoot: Load assets · 92 / 270
09-25 11:17:55.981 20583 20583 I SuperWissBoot: Load assets · 93 / 270
09-25 11:17:55.981 20583 20583 I SuperWissBoot: Load assets · 94 / 270
09-25 11:17:55.981 20583 20583 I SuperWissBoot: Load assets · 95 / 270
09-25 11:17:55.982 20583 20583 I SuperWissBoot: Load assets · 96 / 270
09-25 11:17:55.982 20583 20583 I SuperWissBoot: Load assets · 97 / 270
09-25 11:17:55.982 20583 20583 I SuperWissBoot: Load assets · 98 / 270
09-25 11:17:55.982 20583 20583 I SuperWissBoot: Load assets · 99 / 270
09-25 11:17:55.982 20583 20583 I SuperWissBoot: Load assets · 100 / 270
09-25 11:17:55.982 20583 20583 I SuperWissBoot: Load assets · 101 / 270
09-25 11:17:55.982 20583 20583 I SuperWissBoot: Load assets · 102 / 270
09-25 11:17:55.982 20583 20583 I SuperWissBoot: Load assets · 103 / 270
09-25 11:17:55.982 20583 20583 I SuperWissBoot: Load assets · 104 / 270
09-25 11:17:55.982 20583 20583 I SuperWissBoot: Load assets · 105 / 270
09-25 11:17:55.982 20583 20583 I SuperWissBoot: Load assets · 106 / 270
09-25 11:17:55.982 20583 20583 I SuperWissBoot: Load assets · 107 / 270
09-25 11:17:55.983 20583 20583 I SuperWissBoot: Load assets · 108 / 270
09-25 11:17:55.983 20583 20583 I SuperWissBoot: Load assets · 109 / 270
09-25 11:17:55.983 20583 20583 I SuperWissBoot: Load assets · 110 / 270
09-25 11:17:55.983 20583 20583 I SuperWissBoot: Load assets · 111 / 270
09-25 11:17:55.983 20583 20583 I SuperWissBoot: Load assets · 112 / 270
09-25 11:17:55.983 20583 20583 I SuperWissBoot: Load assets · 113 / 270
09-25 11:17:55.983 20583 20583 I SuperWissBoot: Load assets · 114 / 270
09-25 11:17:55.983 20583 20583 I SuperWissBoot: Load assets · 115 / 270
09-25 11:17:55.983 20583 20583 I SuperWissBoot: Load assets · 116 / 270
09-25 11:17:55.983 20583 20583 I SuperWissBoot: Load assets · 117 / 270
09-25 11:17:55.984 20583 20583 I SuperWissBoot: Load assets · 118 / 270
09-25 11:17:55.984 20583 20583 I SuperWissBoot: Load assets · 119 / 270
09-25 11:17:55.984 20583 20583 I SuperWissBoot: Load assets · 120 / 270
09-25 11:17:55.984 20583 20583 I SuperWissBoot: Load assets · 121 / 270
09-25 11:17:55.984 20583 20583 I SuperWissBoot: Load assets · 122 / 270
09-25 11:17:55.984 20583 20583 I SuperWissBoot: Load assets · 123 / 270
09-25 11:17:55.984 20583 20583 I SuperWissBoot: Load assets · 124 / 270
09-25 11:17:55.984 20583 20583 I SuperWissBoot: Load assets · 125 / 270
09-25 11:17:55.984 20583 20583 I SuperWissBoot: Load assets · 126 / 270
09-25 11:17:55.984 20583 20583 I SuperWissBoot: Load assets · 127 / 270
09-25 11:17:55.984 20583 20583 I SuperWissBoot: Load assets · 128 / 270
09-25 11:17:55.984 20583 20583 I SuperWissBoot: Load assets · 129 / 270
09-25 11:17:55.984 20583 20583 I SuperWissBoot: Load assets · 130 / 270
09-25 11:17:55.984 20583 20583 I SuperWissBoot: Load assets · 131 / 270
09-25 11:17:55.984 20583 20583 I SuperWissBoot: Load assets · 132 / 270
09-25 11:17:55.985 20583 20583 I SuperWissBoot: Load assets · 133 / 270
09-25 11:17:55.985 20583 20583 I SuperWissBoot: Load assets · 134 / 270
09-25 11:17:55.985 20583 20583 I SuperWissBoot: Load assets · 135 / 270
09-25 11:17:55.985 20583 20583 I SuperWissBoot: Load assets · 136 / 270
09-25 11:17:55.985 20583 20583 I SuperWissBoot: Load assets · 137 / 270
09-25 11:17:55.985 20583 20583 I SuperWissBoot: Load assets · 138 / 270
09-25 11:17:55.985 20583 20583 I SuperWissBoot: Load assets · 139 / 270
09-25 11:17:55.985 20583 20583 I SuperWissBoot: Load assets · 140 / 270
09-25 11:17:55.985 20583 20583 I SuperWissBoot: Load assets · 141 / 270
09-25 11:17:55.985 20583 20583 I SuperWissBoot: Load assets · 142 / 270
09-25 11:17:55.985 20583 20583 I SuperWissBoot: Load assets · 143 / 270
09-25 11:17:55.985 20583 20583 I SuperWissBoot: Load assets · 144 / 270
09-25 11:17:55.985 20583 20583 I SuperWissBoot: Load assets · 145 / 270
09-25 11:17:55.985 20583 20583 I SuperWissBoot: Load assets · 146 / 270
09-25 11:17:55.985 20583 20583 I SuperWissBoot: Load assets · 147 / 270
09-25 11:17:55.985 20583 20583 I SuperWissBoot: Load assets · 148 / 270
09-25 11:17:55.985 20583 20583 I SuperWissBoot: Load assets · 149 / 270
09-25 11:17:55.985 20583 20583 I SuperWissBoot: Load assets · 150 / 270
09-25 11:17:55.985 20583 20583 I SuperWissBoot: Load assets · 151 / 270
09-25 11:17:55.986 20583 20583 I SuperWissBoot: Load assets · 152 / 270
09-25 11:17:55.986 20583 20583 I SuperWissBoot: Load assets · 153 / 270
09-25 11:17:55.987 20583 20583 I SuperWissBoot: Load assets · 154 / 270
09-25 11:17:55.987 20583 20583 I SuperWissBoot: Load assets · 155 / 270
09-25 11:17:55.987 20583 20583 I SuperWissBoot: Load assets · 156 / 270
09-25 11:17:55.988 20583 20583 I SuperWissBoot: Load assets · 157 / 270
09-25 11:17:55.988 20583 20583 I SuperWissBoot: Load assets · 158 / 270
09-25 11:17:55.989 20583 20583 I SuperWissBoot: Load assets · 159 / 270
09-25 11:17:55.989 20583 20583 I SuperWissBoot: Load assets · 160 / 270
09-25 11:17:55.989 20583 20583 I SuperWissBoot: Load assets · 161 / 270
09-25 11:17:55.989 20583 20583 I SuperWissBoot: Load assets · 162 / 270
09-25 11:17:55.989 20583 20583 I SuperWissBoot: Load assets · 163 / 270
09-25 11:17:55.989 20583 20583 I SuperWissBoot: Load assets · 164 / 270
09-25 11:17:55.989 20583 20583 I SuperWissBoot: Load assets · 165 / 270
09-25 11:17:55.989 20583 20583 I SuperWissBoot: Load assets · 166 / 270
09-25 11:17:55.990 20583 20583 I SuperWissBoot: Load assets · 167 / 270
09-25 11:17:55.990 20583 20583 I SuperWissBoot: Load assets · 168 / 270
09-25 11:17:55.990 20583 20583 I SuperWissBoot: Load assets · 169 / 270
09-25 11:17:55.990 20583 20583 I SuperWissBoot: Load assets · 170 / 270
09-25 11:17:55.990 20583 20583 I SuperWissBoot: Load assets · 171 / 270
09-25 11:17:55.990 20583 20583 I SuperWissBoot: Load assets · 172 / 270
09-25 11:17:55.990 20583 20583 I SuperWissBoot: Load assets · 173 / 270
09-25 11:17:55.991 20583 20583 I SuperWissBoot: Load assets · 174 / 270
09-25 11:17:55.991 20583 20583 I SuperWissBoot: Load assets · 175 / 270
09-25 11:17:55.991 20583 20583 I SuperWissBoot: Load assets · 176 / 270
09-25 11:17:55.991 20583 20583 I SuperWissBoot: Load assets · 177 / 270
09-25 11:17:55.991 20583 20583 I SuperWissBoot: Load assets · 178 / 270
09-25 11:17:55.991 20583 20583 I SuperWissBoot: Load assets · 179 / 270
09-25 11:17:55.991 20583 20583 I SuperWissBoot: Load assets · 180 / 270
09-25 11:17:55.991 20583 20583 I SuperWissBoot: Load assets · 181 / 270
09-25 11:17:55.991 20583 20583 I SuperWissBoot: Load assets · 182 / 270
09-25 11:17:55.991 20583 20583 I SuperWissBoot: Load assets · 183 / 270
09-25 11:17:55.991 20583 20583 I SuperWissBoot: Load assets · 184 / 270
09-25 11:17:55.991 20583 20583 I SuperWissBoot: Load assets · 185 / 270
09-25 11:17:55.991 20583 20583 I SuperWissBoot: Load assets · 186 / 270
09-25 11:17:55.991 20583 20583 I SuperWissBoot: Load assets · 187 / 270
09-25 11:17:55.991 20583 20583 I SuperWissBoot: Load assets · 188 / 270
09-25 11:17:55.991 20583 20583 I SuperWissBoot: Load assets · 189 / 270
09-25 11:17:55.991 20583 20583 I SuperWissBoot: Load assets · 190 / 270
09-25 11:17:55.991 20583 20583 I SuperWissBoot: Load assets · 191 / 270
09-25 11:17:55.991 20583 20583 I SuperWissBoot: Load assets · 192 / 270
09-25 11:17:55.991 20583 20583 I SuperWissBoot: Load assets · 193 / 270
09-25 11:17:55.991 20583 20583 I SuperWissBoot: Load assets · 194 / 270
09-25 11:17:55.991 20583 20583 I SuperWissBoot: Load assets · 195 / 270
09-25 11:17:55.991 20583 20583 I SuperWissBoot: Load assets · 196 / 270
09-25 11:17:55.991 20583 20583 I SuperWissBoot: Load assets · 197 / 270
09-25 11:17:55.991 20583 20583 I SuperWissBoot: Load assets · 198 / 270
09-25 11:17:55.991 20583 20583 I SuperWissBoot: Load assets · 199 / 270
09-25 11:17:55.992 20583 20583 I SuperWissBoot: Load assets · 200 / 270
09-25 11:17:55.992 20583 20583 I SuperWissBoot: Load assets · 201 / 270
09-25 11:17:55.992 20583 20583 I SuperWissBoot: Load assets · 202 / 270
09-25 11:17:55.992 20583 20583 I SuperWissBoot: Load assets · 203 / 270
09-25 11:17:55.992 20583 20583 I SuperWissBoot: Load assets · 204 / 270
09-25 11:17:55.992 20583 20583 I SuperWissBoot: Load assets · 205 / 270
09-25 11:17:55.992 20583 20583 I SuperWissBoot: Load assets · 206 / 270
09-25 11:17:55.992 20583 20583 I SuperWissBoot: Load assets · 207 / 270
09-25 11:17:55.992 20583 20583 I SuperWissBoot: Load assets · 208 / 270
09-25 11:17:55.992 20583 20583 I SuperWissBoot: Load assets · 209 / 270
09-25 11:17:55.992 20583 20583 I SuperWissBoot: Load assets · 210 / 270
09-25 11:17:55.992 20583 20583 I SuperWissBoot: Load assets · 211 / 270
09-25 11:17:55.992 20583 20583 I SuperWissBoot: Load assets · 212 / 270
09-25 11:17:55.992 20583 20583 I SuperWissBoot: Load assets · 213 / 270
09-25 11:17:55.992 20583 20583 I SuperWissBoot: Load assets · 214 / 270
09-25 11:17:55.992 20583 20583 I SuperWissBoot: Load assets · 215 / 270
09-25 11:17:55.992 20583 20583 I SuperWissBoot: Load assets · 216 / 270
09-25 11:17:55.992 20583 20583 I SuperWissBoot: Load assets · 217 / 270
09-25 11:17:55.992 20583 20583 I SuperWissBoot: Load assets · 218 / 270
09-25 11:17:55.992 20583 20583 I SuperWissBoot: Load assets · 219 / 270
09-25 11:17:55.992 20583 20583 I SuperWissBoot: Load assets · 220 / 270
09-25 11:17:55.992 20583 20583 I SuperWissBoot: Load assets · 221 / 270
09-25 11:17:55.992 20583 20583 I SuperWissBoot: Load assets · 222 / 270
09-25 11:17:55.992 20583 20583 I SuperWissBoot: Load assets · 223 / 270
09-25 11:17:55.992 20583 20583 I SuperWissBoot: Load assets · 224 / 270
09-25 11:17:55.992 20583 20583 I SuperWissBoot: Load assets · 225 / 270
09-25 11:17:55.992 20583 20583 I SuperWissBoot: Load assets · 226 / 270
09-25 11:17:55.992 20583 20583 I SuperWissBoot: Load assets · 227 / 270
09-25 11:17:55.993 20583 20583 I SuperWissBoot: Load assets · 228 / 270
09-25 11:17:55.993 20583 20583 I SuperWissBoot: Load assets · 229 / 270
09-25 11:17:55.993 20583 20583 I SuperWissBoot: Load assets · 230 / 270
09-25 11:17:55.993 20583 20583 I SuperWissBoot: Load assets · 231 / 270
09-25 11:17:55.993 20583 20583 I SuperWissBoot: Load assets · 232 / 270
09-25 11:17:55.993 20583 20583 I SuperWissBoot: Load assets · 233 / 270
09-25 11:17:55.993 20583 20583 I SuperWissBoot: Load assets · 234 / 270
09-25 11:17:55.993 20583 20583 I SuperWissBoot: Load assets · 235 / 270
09-25 11:17:55.993 20583 20583 I SuperWissBoot: Load assets · 236 / 270
09-25 11:17:55.993 20583 20583 I SuperWissBoot: Load assets · 237 / 270
09-25 11:17:55.993 20583 20583 I SuperWissBoot: Load assets · 238 / 270
09-25 11:17:55.993 20583 20583 I SuperWissBoot: Load assets · 239 / 270
09-25 11:17:55.993 20583 20583 I SuperWissBoot: Load assets · 240 / 270
09-25 11:17:55.993 20583 20583 I SuperWissBoot: Load assets · 241 / 270
09-25 11:17:55.993 20583 20583 I SuperWissBoot: Load assets · 242 / 270
09-25 11:17:55.993 20583 20583 I SuperWissBoot: Load assets · 243 / 270
09-25 11:17:55.993 20583 20583 I SuperWissBoot: Load assets · 244 / 270
09-25 11:17:55.993 20583 20583 I SuperWissBoot: Load assets · 245 / 270
09-25 11:17:55.993 20583 20583 I SuperWissBoot: Load assets · 246 / 270
09-25 11:17:55.993 20583 20583 I SuperWissBoot: Load assets · 247 / 270
09-25 11:17:55.993 20583 20583 I SuperWissBoot: Load assets · 248 / 270
09-25 11:17:55.993 20583 20583 I SuperWissBoot: Load assets · 249 / 270
09-25 11:17:55.994 20583 20583 I SuperWissBoot: Load assets · 250 / 270
09-25 11:17:55.994 20583 20583 I SuperWissBoot: Load assets · 251 / 270
09-25 11:17:55.994 20583 20583 I SuperWissBoot: Load assets · 252 / 270
09-25 11:17:55.994 20583 20583 I SuperWissBoot: Load assets · 253 / 270
09-25 11:17:55.994 20583 20583 I SuperWissBoot: Load assets · 254 / 270
09-25 11:17:55.994 20583 20583 I SuperWissBoot: Load assets · 255 / 270
09-25 11:17:55.994 20583 20583 I SuperWissBoot: Load assets · 256 / 270
09-25 11:17:55.994 20583 20583 I SuperWissBoot: Load assets · 257 / 270
09-25 11:17:55.994 20583 20583 I SuperWissBoot: Load assets · 258 / 270
09-25 11:17:55.994 20583 20583 I SuperWissBoot: Load assets · 259 / 270
09-25 11:17:55.994 20583 20583 I SuperWissBoot: Load assets · 260 / 270
09-25 11:17:55.994 20583 20583 I SuperWissBoot: Load assets · 261 / 270
09-25 11:17:55.994 20583 20583 I SuperWissBoot: Load assets · 262 / 270
09-25 11:17:55.994 20583 20583 I SuperWissBoot: Load assets · 263 / 270
09-25 11:17:55.994 20583 20583 I SuperWissBoot: Load assets · 264 / 270
09-25 11:17:55.994 20583 20583 I SuperWissBoot: Load assets · 265 / 270
09-25 11:17:55.994 20583 20583 I SuperWissBoot: Load assets · 266 / 270
09-25 11:17:55.994 20583 20583 I SuperWissBoot: Load assets · 267 / 270
09-25 11:17:55.994 20583 20583 I SuperWissBoot: Load assets · 268 / 270
09-25 11:17:55.994 20583 20583 I SuperWissBoot: Load assets · 269 / 270
09-25 11:17:55.994 20583 20583 I SuperWissBoot: Load assets · 270 / 270
09-25 11:17:55.994 20583 20583 I SuperWissBoot: Initialize save
09-25 11:17:55.994 20583 20583 I SuperWissBoot: Initialize audio
09-25 11:17:55.994 20583 20583 I SuperWissBoot: Initialize game
09-25 11:17:55.995 20583 20583 I SuperWissBoot: Home screen
09-25 11:19:33.622 21598 21598 I SuperWissBoot: Boot
09-25 11:19:33.623 21598 21598 I SuperWissBoot: Load config
09-25 11:19:33.623 21598 21598 I SuperWissBoot: Load assets
09-25 11:19:33.623 21598 21598 I SuperWissBoot: Load assets · 1 / 270
09-25 11:19:33.623 21598 21598 I SuperWissBoot: Load assets · 2 / 270
09-25 11:19:33.623 21598 21598 I SuperWissBoot: Load assets · 3 / 270
09-25 11:19:33.623 21598 21598 I SuperWissBoot: Load assets · 4 / 270
09-25 11:19:33.623 21598 21598 I SuperWissBoot: Load assets · 5 / 270
09-25 11:19:33.623 21598 21598 I SuperWissBoot: Load assets · 6 / 270
09-25 11:19:33.623 21598 21598 I SuperWissBoot: Load assets · 7 / 270
09-25 11:19:33.623 21598 21598 I SuperWissBoot: Load assets · 8 / 270
09-25 11:19:33.623 21598 21598 I SuperWissBoot: Load assets · 9 / 270
09-25 11:19:33.623 21598 21598 I SuperWissBoot: Load assets · 10 / 270
09-25 11:19:33.623 21598 21598 I SuperWissBoot: Load assets · 11 / 270
09-25 11:19:33.623 21598 21598 I SuperWissBoot: Load assets · 12 / 270
09-25 11:19:33.623 21598 21598 I SuperWissBoot: Load assets · 13 / 270
09-25 11:19:33.623 21598 21598 I SuperWissBoot: Load assets · 14 / 270
09-25 11:19:33.623 21598 21598 I SuperWissBoot: Load assets · 15 / 270
09-25 11:19:33.623 21598 21598 I SuperWissBoot: Load assets · 16 / 270
09-25 11:19:33.623 21598 21598 I SuperWissBoot: Load assets · 17 / 270
09-25 11:19:33.623 21598 21598 I SuperWissBoot: Load assets · 18 / 270
09-25 11:19:33.623 21598 21598 I SuperWissBoot: Load assets · 19 / 270
09-25 11:19:33.623 21598 21598 I SuperWissBoot: Load assets · 20 / 270
09-25 11:19:33.623 21598 21598 I SuperWissBoot: Load assets · 21 / 270
09-25 11:19:33.623 21598 21598 I SuperWissBoot: Load assets · 22 / 270
09-25 11:19:33.623 21598 21598 I SuperWissBoot: Load assets · 23 / 270
09-25 11:19:33.624 21598 21598 I SuperWissBoot: Load assets · 24 / 270
09-25 11:19:33.624 21598 21598 I SuperWissBoot: Load assets · 25 / 270
09-25 11:19:33.624 21598 21598 I SuperWissBoot: Load assets · 26 / 270
09-25 11:19:33.624 21598 21598 I SuperWissBoot: Load assets · 27 / 270
09-25 11:19:33.624 21598 21598 I SuperWissBoot: Load assets · 28 / 270
09-25 11:19:33.624 21598 21598 I SuperWissBoot: Load assets · 29 / 270
09-25 11:19:33.724 21598 21598 I SuperWissBoot: Load assets · 30 / 270
09-25 11:19:33.760 21598 21598 I SuperWissBoot: Load assets · 31 / 270
09-25 11:19:33.790 21598 21598 I SuperWissBoot: Load assets · 32 / 270
09-25 11:19:33.852 21598 21598 I SuperWissBoot: Load assets · 33 / 270
09-25 11:19:33.855 21598 21598 I SuperWissBoot: Load assets · 34 / 270
09-25 11:19:33.856 21598 21598 I SuperWissBoot: Load assets · 35 / 270
09-25 11:19:33.900 21598 21598 I SuperWissBoot: Load assets · 36 / 270
09-25 11:19:36.679 21598 21598 I SuperWissBoot: Load assets · 37 / 270
09-25 11:19:36.748 21598 21598 I SuperWissBoot: Load assets · 38 / 270
09-25 11:19:36.750 21598 21598 I SuperWissBoot: Load assets · 39 / 270
09-25 11:19:36.750 21598 21598 I SuperWissBoot: Load assets · 40 / 270
09-25 11:19:36.750 21598 21598 I SuperWissBoot: Load assets · 41 / 270
09-25 11:19:36.751 21598 21598 I SuperWissBoot: Load assets · 42 / 270
09-25 11:19:36.751 21598 21598 I SuperWissBoot: Load assets · 43 / 270
09-25 11:19:36.751 21598 21598 I SuperWissBoot: Load assets · 44 / 270
09-25 11:19:36.751 21598 21598 I SuperWissBoot: Load assets · 45 / 270
09-25 11:19:36.751 21598 21598 I SuperWissBoot: Load assets · 46 / 270
09-25 11:19:36.751 21598 21598 I SuperWissBoot: Load assets · 47 / 270
09-25 11:19:36.751 21598 21598 I SuperWissBoot: Load assets · 48 / 270
09-25 11:19:36.751 21598 21598 I SuperWissBoot: Load assets · 49 / 270
09-25 11:19:36.751 21598 21598 I SuperWissBoot: Load assets · 50 / 270
09-25 11:19:36.751 21598 21598 I SuperWissBoot: Load assets · 51 / 270
09-25 11:19:36.751 21598 21598 I SuperWissBoot: Load assets · 52 / 270
09-25 11:19:36.751 21598 21598 I SuperWissBoot: Load assets · 53 / 270
09-25 11:19:36.751 21598 21598 I SuperWissBoot: Load assets · 54 / 270
09-25 11:19:36.751 21598 21598 I SuperWissBoot: Load assets · 55 / 270
09-25 11:19:36.751 21598 21598 I SuperWissBoot: Load assets · 56 / 270
09-25 11:19:36.751 21598 21598 I SuperWissBoot: Load assets · 57 / 270
09-25 11:19:36.751 21598 21598 I SuperWissBoot: Load assets · 58 / 270
09-25 11:19:36.751 21598 21598 I SuperWissBoot: Load assets · 59 / 270
09-25 11:19:36.752 21598 21598 I SuperWissBoot: Load assets · 60 / 270
09-25 11:19:36.752 21598 21598 I SuperWissBoot: Load assets · 61 / 270
09-25 11:19:36.752 21598 21598 I SuperWissBoot: Load assets · 62 / 270
09-25 11:19:36.752 21598 21598 I SuperWissBoot: Load assets · 63 / 270
09-25 11:19:36.752 21598 21598 I SuperWissBoot: Load assets · 64 / 270
09-25 11:19:36.752 21598 21598 I SuperWissBoot: Load assets · 65 / 270
09-25 11:19:36.752 21598 21598 I SuperWissBoot: Load assets · 66 / 270
09-25 11:19:36.752 21598 21598 I SuperWissBoot: Load assets · 67 / 270
09-25 11:19:36.752 21598 21598 I SuperWissBoot: Load assets · 68 / 270
09-25 11:19:36.752 21598 21598 I SuperWissBoot: Load assets · 69 / 270
09-25 11:19:36.752 21598 21598 I SuperWissBoot: Load assets · 70 / 270
09-25 11:19:36.752 21598 21598 I SuperWissBoot: Load assets · 71 / 270
09-25 11:19:36.752 21598 21598 I SuperWissBoot: Load assets · 72 / 270
09-25 11:19:36.752 21598 21598 I SuperWissBoot: Load assets · 73 / 270
09-25 11:19:36.752 21598 21598 I SuperWissBoot: Load assets · 74 / 270
09-25 11:19:36.752 21598 21598 I SuperWissBoot: Load assets · 75 / 270
09-25 11:19:36.752 21598 21598 I SuperWissBoot: Load assets · 76 / 270
09-25 11:19:36.752 21598 21598 I SuperWissBoot: Load assets · 77 / 270
09-25 11:19:36.752 21598 21598 I SuperWissBoot: Load assets · 78 / 270
09-25 11:19:36.752 21598 21598 I SuperWissBoot: Load assets · 79 / 270
09-25 11:19:36.752 21598 21598 I SuperWissBoot: Load assets · 80 / 270
09-25 11:19:36.753 21598 21598 I SuperWissBoot: Load assets · 81 / 270
09-25 11:19:36.753 21598 21598 I SuperWissBoot: Load assets · 82 / 270
09-25 11:19:36.753 21598 21598 I SuperWissBoot: Load assets · 83 / 270
09-25 11:19:36.753 21598 21598 I SuperWissBoot: Load assets · 84 / 270
09-25 11:19:36.753 21598 21598 I SuperWissBoot: Load assets · 85 / 270
09-25 11:19:36.753 21598 21598 I SuperWissBoot: Load assets · 86 / 270
09-25 11:19:36.753 21598 21598 I SuperWissBoot: Load assets · 87 / 270
09-25 11:19:36.753 21598 21598 I SuperWissBoot: Load assets · 88 / 270
09-25 11:19:36.753 21598 21598 I SuperWissBoot: Load assets · 89 / 270
09-25 11:19:36.753 21598 21598 I SuperWissBoot: Load assets · 90 / 270
09-25 11:19:36.753 21598 21598 I SuperWissBoot: Load assets · 91 / 270
09-25 11:19:36.753 21598 21598 I SuperWissBoot: Load assets · 92 / 270
09-25 11:19:36.753 21598 21598 I SuperWissBoot: Load assets · 93 / 270
09-25 11:19:36.753 21598 21598 I SuperWissBoot: Load assets · 94 / 270
09-25 11:19:36.753 21598 21598 I SuperWissBoot: Load assets · 95 / 270
09-25 11:19:36.753 21598 21598 I SuperWissBoot: Load assets · 96 / 270
09-25 11:19:36.753 21598 21598 I SuperWissBoot: Load assets · 97 / 270
09-25 11:19:36.753 21598 21598 I SuperWissBoot: Load assets · 98 / 270
09-25 11:19:36.753 21598 21598 I SuperWissBoot: Load assets · 99 / 270
09-25 11:19:36.753 21598 21598 I SuperWissBoot: Load assets · 100 / 270
09-25 11:19:36.753 21598 21598 I SuperWissBoot: Load assets · 101 / 270
09-25 11:19:36.753 21598 21598 I SuperWissBoot: Load assets · 102 / 270
09-25 11:19:36.753 21598 21598 I SuperWissBoot: Load assets · 103 / 270
09-25 11:19:36.754 21598 21598 I SuperWissBoot: Load assets · 104 / 270
09-25 11:19:36.754 21598 21598 I SuperWissBoot: Load assets · 105 / 270
09-25 11:19:36.754 21598 21598 I SuperWissBoot: Load assets · 106 / 270
09-25 11:19:36.754 21598 21598 I SuperWissBoot: Load assets · 107 / 270
09-25 11:19:36.754 21598 21598 I SuperWissBoot: Load assets · 108 / 270
09-25 11:19:36.754 21598 21598 I SuperWissBoot: Load assets · 109 / 270
09-25 11:19:36.754 21598 21598 I SuperWissBoot: Load assets · 110 / 270
09-25 11:19:36.754 21598 21598 I SuperWissBoot: Load assets · 111 / 270
09-25 11:19:36.754 21598 21598 I SuperWissBoot: Load assets · 112 / 270
09-25 11:19:36.754 21598 21598 I SuperWissBoot: Load assets · 113 / 270
09-25 11:19:36.754 21598 21598 I SuperWissBoot: Load assets · 114 / 270
09-25 11:19:36.754 21598 21598 I SuperWissBoot: Load assets · 115 / 270
09-25 11:19:36.754 21598 21598 I SuperWissBoot: Load assets · 116 / 270
09-25 11:19:36.754 21598 21598 I SuperWissBoot: Load assets · 117 / 270
09-25 11:19:36.754 21598 21598 I SuperWissBoot: Load assets · 118 / 270
09-25 11:19:36.754 21598 21598 I SuperWissBoot: Load assets · 119 / 270
09-25 11:19:36.754 21598 21598 I SuperWissBoot: Load assets · 120 / 270
09-25 11:19:36.754 21598 21598 I SuperWissBoot: Load assets · 121 / 270
09-25 11:19:36.754 21598 21598 I SuperWissBoot: Load assets · 122 / 270
09-25 11:19:36.754 21598 21598 I SuperWissBoot: Load assets · 123 / 270
09-25 11:19:36.754 21598 21598 I SuperWissBoot: Load assets · 124 / 270
09-25 11:19:36.754 21598 21598 I SuperWissBoot: Load assets · 125 / 270
09-25 11:19:36.754 21598 21598 I SuperWissBoot: Load assets · 126 / 270
09-25 11:19:36.754 21598 21598 I SuperWissBoot: Load assets · 127 / 270
09-25 11:19:36.754 21598 21598 I SuperWissBoot: Load assets · 128 / 270
09-25 11:19:36.754 21598 21598 I SuperWissBoot: Load assets · 129 / 270
09-25 11:19:36.754 21598 21598 I SuperWissBoot: Load assets · 130 / 270
09-25 11:19:36.754 21598 21598 I SuperWissBoot: Load assets · 131 / 270
09-25 11:19:36.754 21598 21598 I SuperWissBoot: Load assets · 132 / 270
09-25 11:19:36.754 21598 21598 I SuperWissBoot: Load assets · 133 / 270
09-25 11:19:36.754 21598 21598 I SuperWissBoot: Load assets · 134 / 270
09-25 11:19:36.755 21598 21598 I SuperWissBoot: Load assets · 135 / 270
09-25 11:19:36.755 21598 21598 I SuperWissBoot: Load assets · 136 / 270
09-25 11:19:36.755 21598 21598 I SuperWissBoot: Load assets · 137 / 270
09-25 11:19:36.755 21598 21598 I SuperWissBoot: Load assets · 138 / 270
09-25 11:19:36.755 21598 21598 I SuperWissBoot: Load assets · 139 / 270
09-25 11:19:36.755 21598 21598 I SuperWissBoot: Load assets · 140 / 270
09-25 11:19:36.761 21598 21598 I SuperWissBoot: Load assets · 141 / 270
09-25 11:19:36.764 21598 21598 I SuperWissBoot: Load assets · 142 / 270
09-25 11:19:36.764 21598 21598 I SuperWissBoot: Load assets · 143 / 270
09-25 11:19:36.764 21598 21598 I SuperWissBoot: Load assets · 144 / 270
09-25 11:19:36.764 21598 21598 I SuperWissBoot: Load assets · 145 / 270
09-25 11:19:36.764 21598 21598 I SuperWissBoot: Load assets · 146 / 270
09-25 11:19:36.764 21598 21598 I SuperWissBoot: Load assets · 147 / 270
09-25 11:19:36.768 21598 21598 I SuperWissBoot: Load assets · 148 / 270
09-25 11:19:36.771 21598 21598 I SuperWissBoot: Load assets · 149 / 270
09-25 11:19:36.771 21598 21598 I SuperWissBoot: Load assets · 150 / 270
09-25 11:19:36.771 21598 21598 I SuperWissBoot: Load assets · 151 / 270
09-25 11:19:36.771 21598 21598 I SuperWissBoot: Load assets · 152 / 270
09-25 11:19:36.771 21598 21598 I SuperWissBoot: Load assets · 153 / 270
09-25 11:19:36.771 21598 21598 I SuperWissBoot: Load assets · 154 / 270
09-25 11:19:36.771 21598 21598 I SuperWissBoot: Load assets · 155 / 270
09-25 11:19:36.771 21598 21598 I SuperWissBoot: Load assets · 156 / 270
09-25 11:19:36.771 21598 21598 I SuperWissBoot: Load assets · 157 / 270
09-25 11:19:36.802 21598 21598 I SuperWissBoot: Load assets · 158 / 270
09-25 11:19:36.834 21598 21598 I SuperWissBoot: Load assets · 159 / 270
09-25 11:19:36.834 21598 21598 I SuperWissBoot: Load assets · 160 / 270
09-25 11:19:36.834 21598 21598 I SuperWissBoot: Load assets · 161 / 270
09-25 11:19:36.834 21598 21598 I SuperWissBoot: Load assets · 162 / 270
09-25 11:19:36.834 21598 21598 I SuperWissBoot: Load assets · 163 / 270
09-25 11:19:36.834 21598 21598 I SuperWissBoot: Load assets · 164 / 270
09-25 11:19:36.834 21598 21598 I SuperWissBoot: Load assets · 165 / 270
09-25 11:19:36.834 21598 21598 I SuperWissBoot: Load assets · 166 / 270
09-25 11:19:36.834 21598 21598 I SuperWissBoot: Load assets · 167 / 270
09-25 11:19:36.834 21598 21598 I SuperWissBoot: Load assets · 168 / 270
09-25 11:19:36.834 21598 21598 I SuperWissBoot: Load assets · 169 / 270
09-25 11:19:36.834 21598 21598 I SuperWissBoot: Load assets · 170 / 270
09-25 11:19:36.834 21598 21598 I SuperWissBoot: Load assets · 171 / 270
09-25 11:19:36.834 21598 21598 I SuperWissBoot: Load assets · 172 / 270
09-25 11:19:36.834 21598 21598 I SuperWissBoot: Load assets · 173 / 270
09-25 11:19:36.834 21598 21598 I SuperWissBoot: Load assets · 174 / 270
09-25 11:19:36.834 21598 21598 I SuperWissBoot: Load assets · 175 / 270
09-25 11:19:36.834 21598 21598 I SuperWissBoot: Load assets · 176 / 270
09-25 11:19:36.835 21598 21598 I SuperWissBoot: Load assets · 177 / 270
09-25 11:19:36.835 21598 21598 I SuperWissBoot: Load assets · 178 / 270
09-25 11:19:36.835 21598 21598 I SuperWissBoot: Load assets · 179 / 270
09-25 11:19:36.835 21598 21598 I SuperWissBoot: Load assets · 180 / 270
09-25 11:19:36.835 21598 21598 I SuperWissBoot: Load assets · 181 / 270
09-25 11:19:36.835 21598 21598 I SuperWissBoot: Load assets · 182 / 270
09-25 11:19:36.835 21598 21598 I SuperWissBoot: Load assets · 183 / 270
09-25 11:19:36.835 21598 21598 I SuperWissBoot: Load assets · 184 / 270
09-25 11:19:36.835 21598 21598 I SuperWissBoot: Load assets · 185 / 270
09-25 11:19:36.835 21598 21598 I SuperWissBoot: Load assets · 186 / 270
09-25 11:19:36.835 21598 21598 I SuperWissBoot: Load assets · 187 / 270
09-25 11:19:36.835 21598 21598 I SuperWissBoot: Load assets · 188 / 270
09-25 11:19:36.835 21598 21598 I SuperWissBoot: Load assets · 189 / 270
09-25 11:19:36.835 21598 21598 I SuperWissBoot: Load assets · 190 / 270
09-25 11:19:36.835 21598 21598 I SuperWissBoot: Load assets · 191 / 270
09-25 11:19:36.835 21598 21598 I SuperWissBoot: Load assets · 192 / 270
09-25 11:19:36.835 21598 21598 I SuperWissBoot: Load assets · 193 / 270
09-25 11:19:36.835 21598 21598 I SuperWissBoot: Load assets · 194 / 270
09-25 11:19:36.835 21598 21598 I SuperWissBoot: Load assets · 195 / 270
09-25 11:19:36.835 21598 21598 I SuperWissBoot: Load assets · 196 / 270
09-25 11:19:36.835 21598 21598 I SuperWissBoot: Load assets · 197 / 270
09-25 11:19:36.835 21598 21598 I SuperWissBoot: Load assets · 198 / 270
09-25 11:19:36.835 21598 21598 I SuperWissBoot: Load assets · 199 / 270
09-25 11:19:36.835 21598 21598 I SuperWissBoot: Load assets · 200 / 270
09-25 11:19:36.835 21598 21598 I SuperWissBoot: Load assets · 201 / 270
09-25 11:19:36.835 21598 21598 I SuperWissBoot: Load assets · 202 / 270
09-25 11:19:36.835 21598 21598 I SuperWissBoot: Load assets · 203 / 270
09-25 11:19:36.835 21598 21598 I SuperWissBoot: Load assets · 204 / 270
09-25 11:19:36.835 21598 21598 I SuperWissBoot: Load assets · 205 / 270
09-25 11:19:36.835 21598 21598 I SuperWissBoot: Load assets · 206 / 270
09-25 11:19:36.835 21598 21598 I SuperWissBoot: Load assets · 207 / 270
09-25 11:19:36.835 21598 21598 I SuperWissBoot: Load assets · 208 / 270
09-25 11:19:36.835 21598 21598 I SuperWissBoot: Load assets · 209 / 270
09-25 11:19:36.836 21598 21598 I SuperWissBoot: Load assets · 210 / 270
09-25 11:19:36.836 21598 21598 I SuperWissBoot: Load assets · 211 / 270
09-25 11:19:36.836 21598 21598 I SuperWissBoot: Load assets · 212 / 270
09-25 11:19:36.836 21598 21598 I SuperWissBoot: Load assets · 213 / 270
09-25 11:19:36.836 21598 21598 I SuperWissBoot: Load assets · 214 / 270
09-25 11:19:36.836 21598 21598 I SuperWissBoot: Load assets · 215 / 270
09-25 11:19:36.836 21598 21598 I SuperWissBoot: Load assets · 216 / 270
09-25 11:19:36.836 21598 21598 I SuperWissBoot: Load assets · 217 / 270
09-25 11:19:36.836 21598 21598 I SuperWissBoot: Load assets · 218 / 270
09-25 11:19:36.836 21598 21598 I SuperWissBoot: Load assets · 219 / 270
09-25 11:19:36.836 21598 21598 I SuperWissBoot: Load assets · 220 / 270
09-25 11:19:36.836 21598 21598 I SuperWissBoot: Load assets · 221 / 270
09-25 11:19:36.836 21598 21598 I SuperWissBoot: Load assets · 222 / 270
09-25 11:19:36.836 21598 21598 I SuperWissBoot: Load assets · 223 / 270
09-25 11:19:36.836 21598 21598 I SuperWissBoot: Load assets · 224 / 270
09-25 11:19:36.836 21598 21598 I SuperWissBoot: Load assets · 225 / 270
09-25 11:19:36.836 21598 21598 I SuperWissBoot: Load assets · 226 / 270
09-25 11:19:36.836 21598 21598 I SuperWissBoot: Load assets · 227 / 270
09-25 11:19:36.836 21598 21598 I SuperWissBoot: Load assets · 228 / 270
09-25 11:19:36.836 21598 21598 I SuperWissBoot: Load assets · 229 / 270
09-25 11:19:36.836 21598 21598 I SuperWissBoot: Load assets · 230 / 270
09-25 11:19:36.836 21598 21598 I SuperWissBoot: Load assets · 231 / 270
09-25 11:19:36.836 21598 21598 I SuperWissBoot: Load assets · 232 / 270
09-25 11:19:36.836 21598 21598 I SuperWissBoot: Load assets · 233 / 270
09-25 11:19:36.836 21598 21598 I SuperWissBoot: Load assets · 234 / 270
09-25 11:19:36.836 21598 21598 I SuperWissBoot: Load assets · 235 / 270
09-25 11:19:36.836 21598 21598 I SuperWissBoot: Load assets · 236 / 270
09-25 11:19:36.836 21598 21598 I SuperWissBoot: Load assets · 237 / 270
09-25 11:19:36.836 21598 21598 I SuperWissBoot: Load assets · 238 / 270
09-25 11:19:36.836 21598 21598 I SuperWissBoot: Load assets · 239 / 270
09-25 11:19:36.836 21598 21598 I SuperWissBoot: Load assets · 240 / 270
09-25 11:19:36.836 21598 21598 I SuperWissBoot: Load assets · 241 / 270
09-25 11:19:36.836 21598 21598 I SuperWissBoot: Load assets · 242 / 270
09-25 11:19:36.836 21598 21598 I SuperWissBoot: Load assets · 243 / 270
09-25 11:19:36.836 21598 21598 I SuperWissBoot: Load assets · 244 / 270
09-25 11:19:36.836 21598 21598 I SuperWissBoot: Load assets · 245 / 270
09-25 11:19:36.836 21598 21598 I SuperWissBoot: Load assets · 246 / 270
09-25 11:19:36.837 21598 21598 I SuperWissBoot: Load assets · 247 / 270
09-25 11:19:36.837 21598 21598 I SuperWissBoot: Load assets · 248 / 270
09-25 11:19:36.837 21598 21598 I SuperWissBoot: Load assets · 249 / 270
09-25 11:19:36.837 21598 21598 I SuperWissBoot: Load assets · 250 / 270
09-25 11:19:36.837 21598 21598 I SuperWissBoot: Load assets · 251 / 270
09-25 11:19:36.837 21598 21598 I SuperWissBoot: Load assets · 252 / 270
09-25 11:19:36.837 21598 21598 I SuperWissBoot: Load assets · 253 / 270
09-25 11:19:36.837 21598 21598 I SuperWissBoot: Load assets · 254 / 270
09-25 11:19:36.837 21598 21598 I SuperWissBoot: Load assets · 255 / 270
09-25 11:19:36.837 21598 21598 I SuperWissBoot: Load assets · 256 / 270
09-25 11:19:36.837 21598 21598 I SuperWissBoot: Load assets · 257 / 270
09-25 11:19:36.837 21598 21598 I SuperWissBoot: Load assets · 258 / 270
09-25 11:19:36.837 21598 21598 I SuperWissBoot: Load assets · 259 / 270
09-25 11:19:36.837 21598 21598 I SuperWissBoot: Load assets · 260 / 270
09-25 11:19:36.837 21598 21598 I SuperWissBoot: Load assets · 261 / 270
09-25 11:19:36.837 21598 21598 I SuperWissBoot: Load assets · 262 / 270
09-25 11:19:36.837 21598 21598 I SuperWissBoot: Load assets · 263 / 270
09-25 11:19:36.837 21598 21598 I SuperWissBoot: Load assets · 264 / 270
09-25 11:19:36.838 21598 21598 I SuperWissBoot: Load assets · 265 / 270
09-25 11:19:36.838 21598 21598 I SuperWissBoot: Load assets · 266 / 270
09-25 11:19:36.838 21598 21598 I SuperWissBoot: Load assets · 267 / 270
09-25 11:19:36.838 21598 21598 I SuperWissBoot: Load assets · 268 / 270
09-25 11:19:36.838 21598 21598 I SuperWissBoot: Load assets · 269 / 270
09-25 11:19:36.838 21598 21598 I SuperWissBoot: Load assets · 270 / 270
09-25 11:19:36.838 21598 21598 I SuperWissBoot: Initialize save
09-25 11:19:36.838 21598 21598 I SuperWissBoot: Initialize audio
09-25 11:19:36.838 21598 21598 I SuperWissBoot: Initialize game
09-25 11:19:36.838 21598 21598 I SuperWissBoot: Home screen
09-25 11:19:45.607 21832 21832 I SuperWissBoot: Boot
09-25 11:19:45.607 21832 21832 I SuperWissBoot: Load config
09-25 11:19:45.607 21832 21832 I SuperWissBoot: Load assets
09-25 11:19:45.611 21832 21832 I SuperWissBoot: Load assets · 1 / 270
09-25 11:19:45.617 21832 21832 I SuperWissBoot: Load assets · 2 / 270
09-25 11:19:45.617 21832 21832 I SuperWissBoot: Load assets · 3 / 270
09-25 11:19:45.617 21832 21832 I SuperWissBoot: Load assets · 4 / 270
09-25 11:19:45.655 21832 21832 I SuperWissBoot: Load assets · 5 / 270
09-25 11:19:45.817 21832 21832 I SuperWissBoot: Load assets · 6 / 270
09-25 11:19:45.817 21832 21832 I SuperWissBoot: Load assets · 7 / 270
09-25 11:19:45.817 21832 21832 I SuperWissBoot: Load assets · 8 / 270
09-25 11:19:45.821 21832 21832 I SuperWissBoot: Load assets · 9 / 270
09-25 11:19:45.831 21832 21832 I SuperWissBoot: Load assets · 10 / 270
09-25 11:19:45.922 21832 21832 I SuperWissBoot: Load assets · 11 / 270
09-25 11:19:45.934 21832 21832 I SuperWissBoot: Load assets · 12 / 270
09-25 11:19:45.940 21832 21832 I SuperWissBoot: Load assets · 13 / 270
09-25 11:19:45.945 21832 21832 I SuperWissBoot: Load assets · 14 / 270
09-25 11:19:45.982 21832 21832 I SuperWissBoot: Load assets · 15 / 270
09-25 11:19:45.982 21832 21832 I SuperWissBoot: Load assets · 16 / 270
09-25 11:19:48.638 21832 21832 I SuperWissBoot: Load assets · 17 / 270
09-25 11:19:48.638 21832 21832 I SuperWissBoot: Load assets · 18 / 270
09-25 11:19:48.638 21832 21832 I SuperWissBoot: Load assets · 19 / 270
09-25 11:19:48.638 21832 21832 I SuperWissBoot: Load assets · 20 / 270
09-25 11:19:48.640 21832 21832 I SuperWissBoot: Load assets · 21 / 270
09-25 11:19:48.640 21832 21832 I SuperWissBoot: Load assets · 22 / 270
09-25 11:19:48.721 21832 21832 I SuperWissBoot: Load assets · 23 / 270
09-25 11:19:48.722 21832 21832 I SuperWissBoot: Load assets · 24 / 270
09-25 11:19:48.722 21832 21832 I SuperWissBoot: Load assets · 25 / 270
09-25 11:19:48.722 21832 21832 I SuperWissBoot: Load assets · 26 / 270
09-25 11:19:48.722 21832 21832 I SuperWissBoot: Load assets · 27 / 270
09-25 11:19:48.723 21832 21832 I SuperWissBoot: Load assets · 28 / 270
09-25 11:19:48.723 21832 21832 I SuperWissBoot: Load assets · 29 / 270
09-25 11:19:48.723 21832 21832 I SuperWissBoot: Load assets · 30 / 270
09-25 11:19:48.723 21832 21832 I SuperWissBoot: Load assets · 31 / 270
09-25 11:19:48.723 21832 21832 I SuperWissBoot: Load assets · 32 / 270
09-25 11:19:48.723 21832 21832 I SuperWissBoot: Load assets · 33 / 270
09-25 11:19:48.723 21832 21832 I SuperWissBoot: Load assets · 34 / 270
09-25 11:19:48.723 21832 21832 I SuperWissBoot: Load assets · 35 / 270
09-25 11:19:48.723 21832 21832 I SuperWissBoot: Load assets · 36 / 270
09-25 11:19:48.724 21832 21832 I SuperWissBoot: Load assets · 37 / 270
09-25 11:19:48.724 21832 21832 I SuperWissBoot: Load assets · 38 / 270
09-25 11:19:48.724 21832 21832 I SuperWissBoot: Load assets · 39 / 270
09-25 11:19:48.724 21832 21832 I SuperWissBoot: Load assets · 40 / 270
09-25 11:19:48.724 21832 21832 I SuperWissBoot: Load assets · 41 / 270
09-25 11:19:48.724 21832 21832 I SuperWissBoot: Load assets · 42 / 270
09-25 11:19:48.724 21832 21832 I SuperWissBoot: Load assets · 43 / 270
09-25 11:19:48.724 21832 21832 I SuperWissBoot: Load assets · 44 / 270
09-25 11:19:48.724 21832 21832 I SuperWissBoot: Load assets · 45 / 270
09-25 11:19:48.724 21832 21832 I SuperWissBoot: Load assets · 46 / 270
09-25 11:19:48.724 21832 21832 I SuperWissBoot: Load assets · 47 / 270
09-25 11:19:48.724 21832 21832 I SuperWissBoot: Load assets · 48 / 270
09-25 11:19:48.724 21832 21832 I SuperWissBoot: Load assets · 49 / 270
09-25 11:19:48.724 21832 21832 I SuperWissBoot: Load assets · 50 / 270
09-25 11:19:48.724 21832 21832 I SuperWissBoot: Load assets · 51 / 270
09-25 11:19:48.724 21832 21832 I SuperWissBoot: Load assets · 52 / 270
09-25 11:19:48.724 21832 21832 I SuperWissBoot: Load assets · 53 / 270
09-25 11:19:48.724 21832 21832 I SuperWissBoot: Load assets · 54 / 270
09-25 11:19:48.724 21832 21832 I SuperWissBoot: Load assets · 55 / 270
09-25 11:19:48.724 21832 21832 I SuperWissBoot: Load assets · 56 / 270
09-25 11:19:48.724 21832 21832 I SuperWissBoot: Load assets · 57 / 270
09-25 11:19:48.724 21832 21832 I SuperWissBoot: Load assets · 58 / 270
09-25 11:19:48.725 21832 21832 I SuperWissBoot: Load assets · 59 / 270
09-25 11:19:48.725 21832 21832 I SuperWissBoot: Load assets · 60 / 270
09-25 11:19:48.725 21832 21832 I SuperWissBoot: Load assets · 61 / 270
09-25 11:19:48.725 21832 21832 I SuperWissBoot: Load assets · 62 / 270
09-25 11:19:48.725 21832 21832 I SuperWissBoot: Load assets · 63 / 270
09-25 11:19:48.725 21832 21832 I SuperWissBoot: Load assets · 64 / 270
09-25 11:19:48.725 21832 21832 I SuperWissBoot: Load assets · 65 / 270
09-25 11:19:48.725 21832 21832 I SuperWissBoot: Load assets · 66 / 270
09-25 11:19:48.725 21832 21832 I SuperWissBoot: Load assets · 67 / 270
09-25 11:19:48.725 21832 21832 I SuperWissBoot: Load assets · 68 / 270
09-25 11:19:48.725 21832 21832 I SuperWissBoot: Load assets · 69 / 270
09-25 11:19:48.725 21832 21832 I SuperWissBoot: Load assets · 70 / 270
09-25 11:19:48.725 21832 21832 I SuperWissBoot: Load assets · 71 / 270
09-25 11:19:48.726 21832 21832 I SuperWissBoot: Load assets · 72 / 270
09-25 11:19:48.726 21832 21832 I SuperWissBoot: Load assets · 73 / 270
09-25 11:19:48.726 21832 21832 I SuperWissBoot: Load assets · 74 / 270
09-25 11:19:48.726 21832 21832 I SuperWissBoot: Load assets · 75 / 270
09-25 11:19:48.726 21832 21832 I SuperWissBoot: Load assets · 76 / 270
09-25 11:19:48.726 21832 21832 I SuperWissBoot: Load assets · 77 / 270
09-25 11:19:48.726 21832 21832 I SuperWissBoot: Load assets · 78 / 270
09-25 11:19:48.726 21832 21832 I SuperWissBoot: Load assets · 79 / 270
09-25 11:19:48.726 21832 21832 I SuperWissBoot: Load assets · 80 / 270
09-25 11:19:48.726 21832 21832 I SuperWissBoot: Load assets · 81 / 270
09-25 11:19:48.726 21832 21832 I SuperWissBoot: Load assets · 82 / 270
09-25 11:19:48.726 21832 21832 I SuperWissBoot: Load assets · 83 / 270
09-25 11:19:48.726 21832 21832 I SuperWissBoot: Load assets · 84 / 270
09-25 11:19:48.726 21832 21832 I SuperWissBoot: Load assets · 85 / 270
09-25 11:19:48.726 21832 21832 I SuperWissBoot: Load assets · 86 / 270
09-25 11:19:48.726 21832 21832 I SuperWissBoot: Load assets · 87 / 270
09-25 11:19:48.726 21832 21832 I SuperWissBoot: Load assets · 88 / 270
09-25 11:19:48.726 21832 21832 I SuperWissBoot: Load assets · 89 / 270
09-25 11:19:48.726 21832 21832 I SuperWissBoot: Load assets · 90 / 270
09-25 11:19:48.726 21832 21832 I SuperWissBoot: Load assets · 91 / 270
09-25 11:19:48.726 21832 21832 I SuperWissBoot: Load assets · 92 / 270
09-25 11:19:48.726 21832 21832 I SuperWissBoot: Load assets · 93 / 270
09-25 11:19:48.727 21832 21832 I SuperWissBoot: Load assets · 94 / 270
09-25 11:19:48.727 21832 21832 I SuperWissBoot: Load assets · 95 / 270
09-25 11:19:48.727 21832 21832 I SuperWissBoot: Load assets · 96 / 270
09-25 11:19:48.727 21832 21832 I SuperWissBoot: Load assets · 97 / 270
09-25 11:19:48.727 21832 21832 I SuperWissBoot: Load assets · 98 / 270
09-25 11:19:48.727 21832 21832 I SuperWissBoot: Load assets · 99 / 270
09-25 11:19:48.727 21832 21832 I SuperWissBoot: Load assets · 100 / 270
09-25 11:19:48.727 21832 21832 I SuperWissBoot: Load assets · 101 / 270
09-25 11:19:48.727 21832 21832 I SuperWissBoot: Load assets · 102 / 270
09-25 11:19:48.727 21832 21832 I SuperWissBoot: Load assets · 103 / 270
09-25 11:19:48.727 21832 21832 I SuperWissBoot: Load assets · 104 / 270
09-25 11:19:48.727 21832 21832 I SuperWissBoot: Load assets · 105 / 270
09-25 11:19:48.727 21832 21832 I SuperWissBoot: Load assets · 106 / 270
09-25 11:19:48.727 21832 21832 I SuperWissBoot: Load assets · 107 / 270
09-25 11:19:48.727 21832 21832 I SuperWissBoot: Load assets · 108 / 270
09-25 11:19:48.727 21832 21832 I SuperWissBoot: Load assets · 109 / 270
09-25 11:19:48.727 21832 21832 I SuperWissBoot: Load assets · 110 / 270
09-25 11:19:48.727 21832 21832 I SuperWissBoot: Load assets · 111 / 270
09-25 11:19:48.727 21832 21832 I SuperWissBoot: Load assets · 112 / 270
09-25 11:19:48.727 21832 21832 I SuperWissBoot: Load assets · 113 / 270
09-25 11:19:48.727 21832 21832 I SuperWissBoot: Load assets · 114 / 270
09-25 11:19:48.727 21832 21832 I SuperWissBoot: Load assets · 115 / 270
09-25 11:19:48.727 21832 21832 I SuperWissBoot: Load assets · 116 / 270
09-25 11:19:48.727 21832 21832 I SuperWissBoot: Load assets · 117 / 270
09-25 11:19:48.727 21832 21832 I SuperWissBoot: Load assets · 118 / 270
09-25 11:19:48.727 21832 21832 I SuperWissBoot: Load assets · 119 / 270
09-25 11:19:48.727 21832 21832 I SuperWissBoot: Load assets · 120 / 270
09-25 11:19:48.727 21832 21832 I SuperWissBoot: Load assets · 121 / 270
09-25 11:19:48.727 21832 21832 I SuperWissBoot: Load assets · 122 / 270
09-25 11:19:48.727 21832 21832 I SuperWissBoot: Load assets · 123 / 270
09-25 11:19:48.727 21832 21832 I SuperWissBoot: Load assets · 124 / 270
09-25 11:19:48.727 21832 21832 I SuperWissBoot: Load assets · 125 / 270
09-25 11:19:48.727 21832 21832 I SuperWissBoot: Load assets · 126 / 270
09-25 11:19:48.727 21832 21832 I SuperWissBoot: Load assets · 127 / 270
09-25 11:19:48.727 21832 21832 I SuperWissBoot: Load assets · 128 / 270
09-25 11:19:48.727 21832 21832 I SuperWissBoot: Load assets · 129 / 270
09-25 11:19:48.728 21832 21832 I SuperWissBoot: Load assets · 130 / 270
09-25 11:19:48.728 21832 21832 I SuperWissBoot: Load assets · 131 / 270
09-25 11:19:48.728 21832 21832 I SuperWissBoot: Load assets · 132 / 270
09-25 11:19:48.728 21832 21832 I SuperWissBoot: Load assets · 133 / 270
09-25 11:19:48.728 21832 21832 I SuperWissBoot: Load assets · 134 / 270
09-25 11:19:48.728 21832 21832 I SuperWissBoot: Load assets · 135 / 270
09-25 11:19:48.728 21832 21832 I SuperWissBoot: Load assets · 136 / 270
09-25 11:19:48.728 21832 21832 I SuperWissBoot: Load assets · 137 / 270
09-25 11:19:48.728 21832 21832 I SuperWissBoot: Load assets · 138 / 270
09-25 11:19:48.728 21832 21832 I SuperWissBoot: Load assets · 139 / 270
09-25 11:19:48.728 21832 21832 I SuperWissBoot: Load assets · 140 / 270
09-25 11:19:48.728 21832 21832 I SuperWissBoot: Load assets · 141 / 270
09-25 11:19:48.728 21832 21832 I SuperWissBoot: Load assets · 142 / 270
09-25 11:19:48.728 21832 21832 I SuperWissBoot: Load assets · 143 / 270
09-25 11:19:48.728 21832 21832 I SuperWissBoot: Load assets · 144 / 270
09-25 11:19:48.728 21832 21832 I SuperWissBoot: Load assets · 145 / 270
09-25 11:19:48.728 21832 21832 I SuperWissBoot: Load assets · 146 / 270
09-25 11:19:48.728 21832 21832 I SuperWissBoot: Load assets · 147 / 270
09-25 11:19:48.728 21832 21832 I SuperWissBoot: Load assets · 148 / 270
09-25 11:19:48.728 21832 21832 I SuperWissBoot: Load assets · 149 / 270
09-25 11:19:48.728 21832 21832 I SuperWissBoot: Load assets · 150 / 270
09-25 11:19:48.728 21832 21832 I SuperWissBoot: Load assets · 151 / 270
09-25 11:19:48.728 21832 21832 I SuperWissBoot: Load assets · 152 / 270
09-25 11:19:48.728 21832 21832 I SuperWissBoot: Load assets · 153 / 270
09-25 11:19:48.728 21832 21832 I SuperWissBoot: Load assets · 154 / 270
09-25 11:19:48.728 21832 21832 I SuperWissBoot: Load assets · 155 / 270
09-25 11:19:48.728 21832 21832 I SuperWissBoot: Load assets · 156 / 270
09-25 11:19:48.728 21832 21832 I SuperWissBoot: Load assets · 157 / 270
09-25 11:19:48.728 21832 21832 I SuperWissBoot: Load assets · 158 / 270
09-25 11:19:48.728 21832 21832 I SuperWissBoot: Load assets · 159 / 270
09-25 11:19:48.728 21832 21832 I SuperWissBoot: Load assets · 160 / 270
09-25 11:19:48.729 21832 21832 I SuperWissBoot: Load assets · 161 / 270
09-25 11:19:48.729 21832 21832 I SuperWissBoot: Load assets · 162 / 270
09-25 11:19:48.729 21832 21832 I SuperWissBoot: Load assets · 163 / 270
09-25 11:19:48.729 21832 21832 I SuperWissBoot: Load assets · 164 / 270
09-25 11:19:48.729 21832 21832 I SuperWissBoot: Load assets · 165 / 270
09-25 11:19:48.729 21832 21832 I SuperWissBoot: Load assets · 166 / 270
09-25 11:19:48.729 21832 21832 I SuperWissBoot: Load assets · 167 / 270
09-25 11:19:48.729 21832 21832 I SuperWissBoot: Load assets · 168 / 270
09-25 11:19:48.729 21832 21832 I SuperWissBoot: Load assets · 169 / 270
09-25 11:19:48.729 21832 21832 I SuperWissBoot: Load assets · 170 / 270
09-25 11:19:48.729 21832 21832 I SuperWissBoot: Load assets · 171 / 270
09-25 11:19:48.729 21832 21832 I SuperWissBoot: Load assets · 172 / 270
09-25 11:19:48.729 21832 21832 I SuperWissBoot: Load assets · 173 / 270
09-25 11:19:48.729 21832 21832 I SuperWissBoot: Load assets · 174 / 270
09-25 11:19:48.730 21832 21832 I SuperWissBoot: Load assets · 175 / 270
09-25 11:19:48.730 21832 21832 I SuperWissBoot: Load assets · 176 / 270
09-25 11:19:48.730 21832 21832 I SuperWissBoot: Load assets · 177 / 270
09-25 11:19:48.730 21832 21832 I SuperWissBoot: Load assets · 178 / 270
09-25 11:19:48.730 21832 21832 I SuperWissBoot: Load assets · 179 / 270
09-25 11:19:48.730 21832 21832 I SuperWissBoot: Load assets · 180 / 270
09-25 11:19:48.730 21832 21832 I SuperWissBoot: Load assets · 181 / 270
09-25 11:19:48.730 21832 21832 I SuperWissBoot: Load assets · 182 / 270
09-25 11:19:48.730 21832 21832 I SuperWissBoot: Load assets · 183 / 270
09-25 11:19:48.730 21832 21832 I SuperWissBoot: Load assets · 184 / 270
09-25 11:19:48.730 21832 21832 I SuperWissBoot: Load assets · 185 / 270
09-25 11:19:48.730 21832 21832 I SuperWissBoot: Load assets · 186 / 270
09-25 11:19:48.730 21832 21832 I SuperWissBoot: Load assets · 187 / 270
09-25 11:19:48.730 21832 21832 I SuperWissBoot: Load assets · 188 / 270
09-25 11:19:48.730 21832 21832 I SuperWissBoot: Load assets · 189 / 270
09-25 11:19:48.730 21832 21832 I SuperWissBoot: Load assets · 190 / 270
09-25 11:19:48.730 21832 21832 I SuperWissBoot: Load assets · 191 / 270
09-25 11:19:48.730 21832 21832 I SuperWissBoot: Load assets · 192 / 270
09-25 11:19:48.730 21832 21832 I SuperWissBoot: Load assets · 193 / 270
09-25 11:19:48.731 21832 21832 I SuperWissBoot: Load assets · 194 / 270
09-25 11:19:48.731 21832 21832 I SuperWissBoot: Load assets · 195 / 270
09-25 11:19:48.731 21832 21832 I SuperWissBoot: Load assets · 196 / 270
09-25 11:19:48.731 21832 21832 I SuperWissBoot: Load assets · 197 / 270
09-25 11:19:48.731 21832 21832 I SuperWissBoot: Load assets · 198 / 270
09-25 11:19:48.731 21832 21832 I SuperWissBoot: Load assets · 199 / 270
09-25 11:19:48.731 21832 21832 I SuperWissBoot: Load assets · 200 / 270
09-25 11:19:48.731 21832 21832 I SuperWissBoot: Load assets · 201 / 270
09-25 11:19:48.731 21832 21832 I SuperWissBoot: Load assets · 202 / 270
09-25 11:19:48.731 21832 21832 I SuperWissBoot: Load assets · 203 / 270
09-25 11:19:48.731 21832 21832 I SuperWissBoot: Load assets · 204 / 270
09-25 11:19:48.731 21832 21832 I SuperWissBoot: Load assets · 205 / 270
09-25 11:19:48.731 21832 21832 I SuperWissBoot: Load assets · 206 / 270
09-25 11:19:48.733 21832 21832 I SuperWissBoot: Load assets · 207 / 270
09-25 11:19:48.733 21832 21832 I SuperWissBoot: Load assets · 208 / 270
09-25 11:19:48.733 21832 21832 I SuperWissBoot: Load assets · 209 / 270
09-25 11:19:48.733 21832 21832 I SuperWissBoot: Load assets · 210 / 270
09-25 11:19:48.733 21832 21832 I SuperWissBoot: Load assets · 211 / 270
09-25 11:19:48.733 21832 21832 I SuperWissBoot: Load assets · 212 / 270
09-25 11:19:48.733 21832 21832 I SuperWissBoot: Load assets · 213 / 270
09-25 11:19:48.733 21832 21832 I SuperWissBoot: Load assets · 214 / 270
09-25 11:19:48.733 21832 21832 I SuperWissBoot: Load assets · 215 / 270
09-25 11:19:48.733 21832 21832 I SuperWissBoot: Load assets · 216 / 270
09-25 11:19:48.734 21832 21832 I SuperWissBoot: Load assets · 217 / 270
09-25 11:19:48.734 21832 21832 I SuperWissBoot: Load assets · 218 / 270
09-25 11:19:48.734 21832 21832 I SuperWissBoot: Load assets · 219 / 270
09-25 11:19:48.734 21832 21832 I SuperWissBoot: Load assets · 220 / 270
09-25 11:19:48.734 21832 21832 I SuperWissBoot: Load assets · 221 / 270
09-25 11:19:48.734 21832 21832 I SuperWissBoot: Load assets · 222 / 270
09-25 11:19:48.734 21832 21832 I SuperWissBoot: Load assets · 223 / 270
09-25 11:19:48.734 21832 21832 I SuperWissBoot: Load assets · 224 / 270
09-25 11:19:48.734 21832 21832 I SuperWissBoot: Load assets · 225 / 270
09-25 11:19:48.734 21832 21832 I SuperWissBoot: Load assets · 226 / 270
09-25 11:19:48.734 21832 21832 I SuperWissBoot: Load assets · 227 / 270
09-25 11:19:48.734 21832 21832 I SuperWissBoot: Load assets · 228 / 270
09-25 11:19:48.734 21832 21832 I SuperWissBoot: Load assets · 229 / 270
09-25 11:19:48.734 21832 21832 I SuperWissBoot: Load assets · 230 / 270
09-25 11:19:48.734 21832 21832 I SuperWissBoot: Load assets · 231 / 270
09-25 11:19:48.734 21832 21832 I SuperWissBoot: Load assets · 232 / 270
09-25 11:19:48.734 21832 21832 I SuperWissBoot: Load assets · 233 / 270
09-25 11:19:48.734 21832 21832 I SuperWissBoot: Load assets · 234 / 270
09-25 11:19:48.734 21832 21832 I SuperWissBoot: Load assets · 235 / 270
09-25 11:19:48.734 21832 21832 I SuperWissBoot: Load assets · 236 / 270
09-25 11:19:48.734 21832 21832 I SuperWissBoot: Load assets · 237 / 270
09-25 11:19:48.734 21832 21832 I SuperWissBoot: Load assets · 238 / 270
09-25 11:19:48.735 21832 21832 I SuperWissBoot: Load assets · 239 / 270
09-25 11:19:48.735 21832 21832 I SuperWissBoot: Load assets · 240 / 270
09-25 11:19:48.735 21832 21832 I SuperWissBoot: Load assets · 241 / 270
09-25 11:19:48.735 21832 21832 I SuperWissBoot: Load assets · 242 / 270
09-25 11:19:48.735 21832 21832 I SuperWissBoot: Load assets · 243 / 270
09-25 11:19:48.735 21832 21832 I SuperWissBoot: Load assets · 244 / 270
09-25 11:19:48.735 21832 21832 I SuperWissBoot: Load assets · 245 / 270
09-25 11:19:48.735 21832 21832 I SuperWissBoot: Load assets · 246 / 270
09-25 11:19:48.735 21832 21832 I SuperWissBoot: Load assets · 247 / 270
09-25 11:19:48.735 21832 21832 I SuperWissBoot: Load assets · 248 / 270
09-25 11:19:48.735 21832 21832 I SuperWissBoot: Load assets · 249 / 270
09-25 11:19:48.735 21832 21832 I SuperWissBoot: Load assets · 250 / 270
09-25 11:19:48.735 21832 21832 I SuperWissBoot: Load assets · 251 / 270
09-25 11:19:48.735 21832 21832 I SuperWissBoot: Load assets · 252 / 270
09-25 11:19:48.735 21832 21832 I SuperWissBoot: Load assets · 253 / 270
09-25 11:19:48.735 21832 21832 I SuperWissBoot: Load assets · 254 / 270
09-25 11:19:48.735 21832 21832 I SuperWissBoot: Load assets · 255 / 270
09-25 11:19:48.735 21832 21832 I SuperWissBoot: Load assets · 256 / 270
09-25 11:19:48.735 21832 21832 I SuperWissBoot: Load assets · 257 / 270
09-25 11:19:48.735 21832 21832 I SuperWissBoot: Load assets · 258 / 270
09-25 11:19:48.735 21832 21832 I SuperWissBoot: Load assets · 259 / 270
09-25 11:19:48.735 21832 21832 I SuperWissBoot: Load assets · 260 / 270
09-25 11:19:48.735 21832 21832 I SuperWissBoot: Load assets · 261 / 270
09-25 11:19:48.735 21832 21832 I SuperWissBoot: Load assets · 262 / 270
09-25 11:19:48.735 21832 21832 I SuperWissBoot: Load assets · 263 / 270
09-25 11:19:48.735 21832 21832 I SuperWissBoot: Load assets · 264 / 270
09-25 11:19:48.735 21832 21832 I SuperWissBoot: Load assets · 265 / 270
09-25 11:19:48.735 21832 21832 I SuperWissBoot: Load assets · 266 / 270
09-25 11:19:48.735 21832 21832 I SuperWissBoot: Load assets · 267 / 270
09-25 11:19:48.735 21832 21832 I SuperWissBoot: Load assets · 268 / 270
09-25 11:19:48.735 21832 21832 I SuperWissBoot: Load assets · 269 / 270
09-25 11:19:48.735 21832 21832 I SuperWissBoot: Load assets · 270 / 270
09-25 11:19:48.735 21832 21832 I SuperWissBoot: Initialize save
09-25 11:19:48.735 21832 21832 I SuperWissBoot: Initialize audio
09-25 11:19:48.735 21832 21832 I SuperWissBoot: Initialize game
09-25 11:19:48.735 21832 21832 I SuperWissBoot: Home screen
